8046.006,3300,2187.595251,213.455682,985.4302563,-1066.448308,1650.030525,88.8301066,0.53837244,1921.893214,,,,
8048.618,3300,2187.962333,213.774856,985.947516,-1067.532201,1652.713752,88.90485709,0.537888302,1924.462328,,0.07475049,0.319174,0.5172597
8051.557,3300,2187.11685,213.6845159,985.3644957,-1066.474916,1651.92434,88.97960758,0.537838258,1923.485694,,0.07475049,-0.0903401,0.5830203
8054.127,3300,2187.818574,213.9794394,987.4293326,-1068.555037,1653.72169,89.05435807,0.538280903,1926.087255,,0.07475049,0.2949235,2.0648369
8057.005,3300,2187.901748,214.1349787,987.3855621,-1068.372413,1655.136581,89.12910856,0.537885039,1927.27978,,0.07475049,0.1555393,0.0437705
8059.63,3300,2188.116712,214.5088564,987.4549263,-1068.731015,1658.489074,89.20385905,0.537026067,1930.19513,,0.07475049,0.3738777,0.0693642
8062.495,3300,2187.626755,214.5974702,988.4774347,-1070.351596,1658.687941,89.27860954,0.537428388,1930.889257,,0.07475049,0.0886138,1.0225084
8065.123,3300,2187.911954,214.7727328,990.1256885,-1071.224631,1659.286124,89.35336003,0.538002678,1932.24722,,0.07475049,0.1752626,1.6482538
8068.016,3300,2188.328407,214.9317754,990.1040401,-1071.046126,1660.553064,89.42811052,0.537657263,1933.324207,,0.07475049,0.1590426,0.0216484
8070.617,3300,2187.407797,215.1562224,990.9573885,-1071.665567,1662.706924,89.50286101,0.53746606,1935.611237,,0.07475049,0.224447,0.8533484
8073.564,3300,2188.127345,215.3471845,991.6732746,-1072.265071,1663.91111,89.5776115,0.537465263,1937.012149,,0.07475049,0.1909621,0.7158861
8076.126,3300,2187.935896,215.4366008,992.9297521,-1072.623632,1664.329116,89.65236199,0.537911762,1938.01468,,0.07475049,0.0894163,1.2564775
8078.998,3300,2187.61038,215.4915133,992.4366623,-1072.506914,1664.713076,89.72711249,0.53759177,1938.091885,,0.0747505,0.0549125,0.4930898
8081.627,3300,2187.332525,215.7953466,993.3036355,-1073.859002,1666.905739,89.80186298,0.537396908,1940.419247,,0.07475049,0.3038333,0.8669732
8084.498,3300,2188.343016,215.8402505,993.6207631,-1073.850278,1667.152132,89.87661347,0.537472289,1940.793253,,0.07475049,0.0449039,0.3171276
8087.116,3300,2187.900213,216.1814132,995.6826488,-1076.014071,1669.152272,89.95136396,0.537856719,1943.567144,,0.07475049,0.3411627,2.0618857
8090.052,3300,2187.671674,216.4066803,995.759209,-1075.557261,1671.699856,90.02611445,0.537219772,1945.794648,,0.07475049,0.2252671,0.0765602
8092.623,3300,2187.700168,216.4360166,995.9980793,-1076.169512,1671.571935,90.10086494,0.537358884,1945.807007,,0.07475049,0.0293363,0.2388703
8095.53,3300,2188.358329,216.6591987,997.9845403,-1077.654016,1672.448963,90.17561543,0.538004596,1947.577643,,0.07475049,0.2231821,1.986461
8098.127,3300,2188.144643,216.8890038,997.9428314,-1077.706496,1674.233366,90.25036592,0.537517093,1949.088828,,0.07475049,0.2298051,0.0417089
8101.004,3300,2187.337706,216.989838,997.5747329,-1076.990237,1676.065914,90.32511641,0.536873935,1950.47489,,0.07475049,0.1008342,0.3680985
8103.612,3300,2187.97189,217.2286464,998.591516,-1078.594421,1677.488864,90.3998669,0.536948702,1952.217688,,0.07475049,0.2388084,1.0167831
8106.577,3300,2188.482796,217.4379072,1000.418841,-1079.763728,1678.397457,90.47461739,0.537514439,1953.933438,,0.07475049,0.2092608,1.827325
8109.13,3300,2187.941236,217.5989826,1001.118676,-1080.71682,1678.965411,90.54936788,0.537673205,1954.779643,,0.07475049,0.1610754,0.699835
8111.659,3300,2188.098791,217.6048187,1001.085235,-1080.058376,1679.598922,90.62411837,0.537492585,1955.306673,,0.07475049,0.0058361,0.033441
8114.185,3300,2188.261812,217.8773739,1002.726489,-1081.880064,1680.918647,90.69886886,0.537867673,1957.280744,,0.07475049,0.2725552,1.641254
8116.715,3300,2188.120253,218.0817225,1003.432373,-1082.702273,1682.514551,90.77361935,0.537759773,1959.01295,,0.07475049,0.2043486,0.705884
8119.24,3300,2187.609723,218.4221973,1004.934141,-1084.460041,1684.565128,90.84836984,0.537881857,1961.543346,,0.07475049,0.3404748,1.501768
8121.764,3300,2187.923627,218.4624481,1004.107938,-1083.578393,1685.529887,90.92312033,0.537268282,1961.948968,,0.07475049,0.0402508,0.826203
8124.288,3300,2188.129757,218.6767898,1005.117158,-1083.93787,1686.641906,90.99787082,0.537420012,1963.420847,,0.07475049,0.2143417,1.00922
8126.814,3300,2188.278639,218.8060128,1005.271526,-1084.045525,1688.232456,91.07262131,0.537073103,1964.866323,,0.07475049,0.129223,0.154368
8129.344,3300,2187.921901,219.0403188,1007.251607,-1085.278155,1689.286558,91.1473718,0.537663916,1966.785416,,0.07475049,0.234306,1.980081
8131.871,3300,2188.13955,219.3371838,1007.598286,-1086.397638,1691.355677,91.22212229,0.53727692,1968.740291,,0.07475049,0.296865,0.346679
8134.402,3300,2188.215175,219.3533069,1007.898659,-1086.175487,1691.434048,91.29687278,0.537387609,1968.961363,,0.07475049,0.0161231,0.300373
8136.925,3300,2188.19966,219.4820975,1009.656563,-1087.539995,1691.592188,91.37162327,0.538113079,1969.99759,,0.07475049,0.1287906,1.757904
8139.449,3300,2188.282582,219.7416278,1011.062134,-1088.954528,1693.181009,91.44637376,0.538312175,1972.082292,,0.07475049,0.2595303,1.405571
8141.973,3300,2188.481119,220.0289437,1010.203954,-1088.386302,1696.531635,91.52112425,0.53706902,1974.520604,,0.07475049,0.2873159,0.85818
8144.497,3300,2187.803616,219.9824887,1009.04709,-1087.433333,1696.321376,91.59587474,0.536619915,1973.748272,,0.07475049,-0.046455,1.156864
8147.123,3300,2188.592772,220.3365177,1012.5657,-1090.45988,1698.23204,91.67062523,0.537655346,1977.190269,,0.07475049,0.354029,3.51861
8150.024,3300,2187.855997,220.4727008,1012.453221,-1090.195153,1699.432952,91.74537572,0.537295606,1978.164271,,0.07475049,0.1361831,0.112479
8152.625,3300,2188.089567,220.7896525,1014.844492,-1092.35292,1700.804737,91.82012621,0.537978356,1980.567115,,0.07475049,0.3169517,2.391271
8155.517,3300,2187.850685,220.7974036,1013.240927,-1090.690568,1701.958485,91.8948767,0.536984667,1980.737201,,0.07475049,0.0077511,1.603565
8158.128,3300,2187.733584,220.9657722,1014.836551,-1092.408464,1702.802327,91.96962719,0.537458557,1982.278737,,0.07475049,0.1683686,1.595624
8160.992,3300,2187.779106,221.1753273,1015.965691,-1093.137971,1703.693706,92.04437768,0.537717477,1983.622577,,0.07475049,0.2095551,1.12914
8163.627,3300,2188.150656,221.2910937,1016.061081,-1093.322716,1704.552595,92.11912817,0.537537084,1984.409148,,0.07475049,0.1157664,0.09539
8166.508,3300,2187.60346,221.4111662,1016.236686,-1094.138727,1705.368543,92.19387866,0.537402617,1985.199957,,0.07475049,0.1200725,0.175605
8169.125,3300,2187.916087,221.8195496,1016.577198,-1094.213877,1709.327003,92.26862915,0.5365308,1988.775504,,0.07475049,0.4083834,0.340512
8172.026,3300,2188.780212,221.9453104,1017.832756,-1095.521722,1709.442916,92.34337964,0.53704343,1989.517179,,0.07475049,0.1257608,1.255558
8174.627,3300,2188.445252,222.1699262,1018.769714,-1095.679868,1711.235536,92.41813013,0.536987171,1991.536791,,0.07475049,0.2246158,0.936958
8177.503,3300,2187.861318,222.1324808,1018.958783,-1095.502513,1710.547911,92.49288062,0.537245433,1991.042731,,0.07475049,-0.0374454,0.189069
8180.128,3300,2188.364486,222.3925512,1019.436555,-1096.603856,1712.913832,92.56763111,0.536843919,1993.320016,,0.07475049,0.2600704,0.477772
8183,3300,2188.234359,222.7088116,1021.167394,-1098.243307,1714.35464,92.6423816,0.537220021,1995.443479,,0.07475049,0.3162604,1.730839
8185.63,3300,2188.499101,222.7726058,1021.927585,-1098.368624,1714.79185,92.71713209,0.537435111,1996.208174,,0.07475049,0.0637942,0.760191
8188.496,3300,2187.767052,222.9376906,1023.060275,-1099.561466,1715.876294,92.79188258,0.537644272,1997.719645,,0.07475049,0.1650848,1.13269
8191.122,3300,2188.230342,223.1952668,1022.860907,-1099.746263,1718.098712,92.86663307,0.536989431,1999.526848,,0.07475049,0.2575762,0.199368
8194.035,3300,2188.650267,223.2426878,1024.219381,-1100.362473,1717.591401,92.94138356,0.537702901,1999.786379,,0.07475049,0.047421,1.358474
8196.629,3300,2187.792184,223.5087638,1024.947219,-1101.597177,1719.428671,93.01613405,0.537545111,2001.737185,,0.07475049,0.266076,0.727838
8199.495,3300,2188.308777,223.6466259,1024.34046,-1101.124367,1721.74879,93.09088454,0.536691993,2003.420144,,0.07475049,0.1378621,0.606759
8202.127,3300,2188.248747,223.8770442,1025.860303,-1102.398598,1722.476163,93.16563503,0.537157998,2004.822559,,0.07475049,0.2304183,1.519843
8205.003,3300,2187.793159,224.0676276,1027.141719,-1102.703386,1723.64312,93.24038552,0.537409095,2006.480929,,0.07475049,0.1905834,1.281416
8207.629,3300,2187.924082,224.3842664,1028.438239,-1104.314374,1725.998149,93.31513601,0.5373634,2009.167694,,0.07475049,0.3166388,1.29652
8210.492,3300,2188.039132,224.4689867,1028.257367,-1104.076544,1726.67016,93.3898865,0.537114918,2009.652471,,0.07475049,0.0847203,0.180872
8213.125,3300,2187.567367,224.6200359,1022.565213,-1098.760322,1731.437304,93.46463699,0.53346979,2010.849262,,0.07475049,0.1510492,5.692154
8216.026,3300,2182.650833,224.9325378,988.6352284,-1067.643848,1753.586212,93.53938748,0.513360578,2013.073327,,0.07475049,0.3125019,33.9299846
8218.623,3300,2178.64586,224.994746,961.0884552,-1042.617226,1769.598167,93.61413797,0.497538869,2013.744942,,0.07475049,0.0622082,27.5467732
8221.526,3300,2175.689058,225.1164488,938.1520137,-1021.340335,1779.679274,93.68888846,0.485128357,2011.811999,,0.07475049,0.1217028,22.9364415
8224.127,3300,2170.789081,225.3650847,904.2573562,-990.5622572,1801.818569,93.76363895,0.465133034,2015.993929,,0.07475049,0.2486359,33.8946575
8226.999,3300,2165.024399,225.4661376,868.617626,-958.3530544,1820.174012,93.83838944,0.445255496,2016.811844,,0.07475049,0.1010529,35.6397302
8229.63,3300,2161.341728,225.5692951,842.4330281,-935.4287399,1833.355272,93.91313993,0.430728813,2017.643418,,0.07475049,0.1031575,26.1845979
8232.49,3300,2157.019577,225.746732,813.9220648,-910.162761,1847.65164,93.98789042,0.414939984,2018.981355,,0.07475049,0.1774369,28.5109633
8235.122,3300,2152.098137,225.9561145,779.5678013,-879.4669999,1864.195543,94.06264091,0.396079213,2020.631332,,0.07475049,0.2093825,34.3542635
8238.027,3300,2146.479915,226.1853777,744.6577439,-849.7819743,1880.40633,94.1373914,0.377061092,2022.484394,,0.07475049,0.2292632,34.9100574
8240.617,3300,2143.04801,226.1452487,719.514124,-828.1047776,1890.322922,94.21214189,0.363697637,2022.627332,,0.07475049,-0.040129,25.1436199
8243.546,3300,2138.902227,226.6920048,682.6034753,-796.7028991,1908.452864,94.28689238,0.34349469,2026.854666,,0.07475049,0.5467561,36.9106487
8246.118,3300,2134.244917,226.7905325,656.3491505,-774.8229457,1918.334592,94.36164287,0.329660242,2027.511237,,0.07475049,0.0985277,26.2543248
8249.045,3300,2129.549037,226.8116498,624.7811513,-747.9363096,1929.011913,94.43639336,0.313224557,2027.66823,,0.07475049,0.0211173,31.5679992
8251.627,3300,2126.793621,227.0460363,595.2948521,-724.5704565,1940.171611,94.51114385,0.297707241,2029.443727,,0.07475049,0.2343865,29.4862992
8254.504,3300,2122.260891,227.3141979,561.9692384,-698.1172481,1952.18729,94.58589434,0.280288269,2031.463669,,0.07475049,0.2681616,33.3256137
8257.111,3300,2118.932028,227.1555614,540.4691816,-681.0738977,1956.720266,94.66064483,0.269492441,2029.990427,,0.07475049,-0.1586365,21.5000568
8260.086,3300,2114.243738,227.4659728,507.1730986,-655.4322445,1968.746515,94.73539532,0.252130145,2033.024198,,0.07475049,0.3104114,33.296083
8262.612,3300,2112.448023,227.5912293,479.4277602,-634.4694234,1976.125568,94.81014581,0.238011336,2033.451066,,0.07475049,0.1252565,27.7453384
8265.575,3300,2108.456989,227.9027672,449.4260748,-612.757404,1986.179603,94.8848963,0.222529247,2036.392205,,0.07475049,0.3115379,30.0016854
8268.131,3300,2105.331233,228.013609,431.0373035,-599.9547725,1990.928254,94.95964679,0.213210084,2037.05387,,0.07475049,0.1108418,18.3887713
8270.993,3300,2102.979897,227.9857362,395.3467337,-574.4568896,1998.23974,95.03439728,0.195324993,2036.973515,,0.07475049,-0.0278728,35.6905698
8273.623,3300,2099.89507,228.2468232,370.8464568,-558.8786504,2005.044413,95.10914777,0.182889927,2039.051297,,0.07475049,0.261087,24.5002769
8276.538,3300,2097.04554,228.4755745,343.6909155,-539.8375216,2011.994332,95.18389826,0.169188004,2041.138074,,0.07475049,0.2287513,27.1555413
8279.122,3300,2094.945229,228.6696627,317.406066,-524.9040302,2017.688792,95.25864875,0.156032977,2042.502061,,0.07475049,0.1940882,26.2848495
8282.03,3300,2092.466321,228.9722125,284.7802897,-505.5183319,2025.122238,95.33339924,0.139707652,2045.047651,,0.07475049,0.3025498,32.6257763
8284.627,3300,2089.766366,229.0718519,246.2592785,-484.2801792,2030.743281,95.40814973,0.120676361,2045.620176,,0.07475049,0.0996394,38.5210112
8287.504,3300,2086.844774,229.2836744,214.3820841,-471.3719806,2035.636748,95.48290022,0.104927727,2046.894391,,0.07475049,0.2118225,31.8771944
8290.13,3300,2086.054849,229.3520808,193.6266825,-460.9636517,2038.834499,95.55765071,0.094685319,2048.008156,,0.07475049,0.0684064,20.7554016
8292.993,3300,2084.945685,229.5286111,161.3601184,-449.1710986,2042.480718,95.6324012,0.078838282,2048.844691,,0.07475049,0.1765303,32.2665641
8295.627,3300,2083.069425,229.6561674,132.2165051,-437.9754732,2045.725583,95.70715169,0.064540851,2049.993748,,0.07475049,0.1275563,29.1436133
8298.512,3300,2081.445012,229.7706876,105.7375174,-431.9618195,2048.248919,95.78190218,0.051577588,2050.976367,,0.07475049,0.1145202,26.4789877
8301.118,3300,2081.053908,229.9115982,80.46840612,-427.653247,2050.594959,95.85665267,0.039221368,2052.173202,,0.07475049,0.1409106,25.26911128
8304.056,3300,2080.344113,230.1815731,51.15636917,-421.9672506,2053.363058,95.93140316,0.024908303,2054.0002,,0.07475049,0.2699749,29.31203695
8306.626,3300,2080.000852,230.494235,27.88153229,-419.8840846,2056.335421,96.00615365,0.013558014,2056.524433,,0.07475049,0.3126619,23.27483688
8309.496,3300,2079.554599,230.5345793,27.99931104,-419.5870852,2056.729248,96.08090414,0.013612672,2056.919824,,0.07475049,0.0403443,0.11777875
8312.123,3300,2080.1977,230.80762,27.55274418,-420.4705426,2059.219352,96.15565463,0.013379391,2059.403674,,0.07475049,0.2730407,0.44656686
8315.033,3300,2080.757358,230.8237463,28.3608594,-418.6592627,2059.140832,96.23040512,0.013772281,2059.336132,,0.07475049,0.0161263,0.80811522
8317.627,3300,2080.204631,231.2290136,29.11077702,-419.9926147,2061.947264,96.30515561,0.014117162,2062.152748,,0.07475049,0.4052673,0.74991762
8320.512,3300,2079.540481,231.2562644,28.14507959,-418.552425,2062.366205,96.3799061,0.013646137,2062.558243,,0.07475049,0.0272508,0.96569743
8323.121,3300,2079.853456,231.44818,27.0641548,-419.9707986,2064.219579,96.45465659,0.013110332,2064.396992,,0.07475049,0.1919156,1.08092479
8326.034,3300,2081.023771,231.6054641,27.5460654,-419.2042146,2064.434953,96.52940708,0.013342358,2064.618721,,0.07475049,0.1572841,0.4819106
8328.621,3300,2079.713103,231.7273728,28.3231865,-418.6089939,2065.657421,96.60415757,0.013710604,2065.851588,,0.07475049,0.1219087,0.7771211
8331.531,3300,2080.4005,231.9237693,28.80150774,-416.526324,2067.987044,96.67890806,0.013926415,2068.187598,,0.07475049,0.1963965,0.47832124
8334.13,3300,2080.432779,232.0915493,28.08815265,-418.7116194,2068.640129,96.75365855,0.013577242,2068.830812,,0.07475049,0.16778,0.71335509
8336.994,3300,2080.526871,232.1499434,28.49206925,-416.852371,2069.058288,96.82840904,0.013769679,2069.254454,,0.07475049,0.0583941,0.4039166
8339.632,3300,2080.292631,232.4270831,29.03063513,-417.4609971,2071.056844,96.90315953,0.014016387,2071.2603,,0.07475049,0.2771397,0.53856588
8342.167,3300,2080.249615,232.6849331,28.62983325,-417.7646632,2073.820839,96.97791002,0.013804478,2074.018452,,0.07475049,0.25785,0.40080188
8344.691,3300,2080.140516,232.6964603,27.63523144,-417.5979082,2073.400121,97.05266051,0.013327671,2073.58428,,0.07475049,0.0115272,0.99460181
8347.214,3300,2081.020179,232.9913917,27.16649694,-418.1737665,2075.994488,97.127411,0.013085269,2076.172231,,0.07475049,0.2949314,0.4687345
8349.752,3300,2081.024635,233.0769899,28.05739879,-417.052752,2076.276235,97.20216149,0.013512504,2076.4658,,0.07475049,0.0855982,0.89090185
8352.277,3300,2080.787212,233.4100241,29.00425902,-418.4629051,2079.197689,97.27691198,0.013948831,2079.39998,,0.07475049,0.3330342,0.94686023
8354.801,3300,2080.709627,233.5802624,27.81985576,-416.5971369,2080.339537,97.35166248,0.013371951,2080.525543,,0.0747505,0.1702383,1.18440326
8357.326,3300,2080.593721,233.8273586,28.774337,-418.0390868,2082.701437,97.42641297,0.013814993,2082.900199,,0.07475049,0.2470962,0.95448124
8359.85,3300,2080.635152,233.9757125,28.7519663,-416.951478,2083.436446,97.50116346,0.013799385,2083.634829,,0.07475049,0.1483539,0.0223707
8362.372,3300,2080.961676,234.0691228,29.09949055,-417.9537835,2084.290975,97.57591395,0.013960431,2084.494099,,0.07475049,0.0934103,0.34752425
8364.898,3300,2080.572933,234.3889273,26.6802829,-415.2084494,2086.986076,97.65066444,0.012783425,2087.156611,,0.07475049,0.3198045,2.41920765
8367.422,3300,2080.459629,234.546503,27.56307797,-417.4273274,2088.595927,97.72541493,0.013196175,2088.777793,,0.07475049,0.1575757,0.88279507
8369.946,3300,2081.296872,234.6642816,28.71468989,-417.1778804,2088.689584,97.80016542,0.01374684,2088.886956,,0.07475049,0.1177786,1.15161192
8372.471,3300,2080.896022,234.7953652,28.46603066,-416.6260103,2090.520038,97.87491591,0.013615881,2090.713836,,0.07475049,0.1310836,0.24865923
8374.995,3300,2081.153044,235.0379817,28.18481445,-417.5276136,2091.615163,97.9496664,0.013474328,2091.805052,,0.07475049,0.2426165,0.28121621
8377.621,3300,2080.482979,235.2521158,27.70443471,-415.6349664,2093.808019,98.02441689,0.01323083,2093.991298,,0.07475049,0.2141341,0.48037974
8380.534,3300,2080.855055,235.3979368,29.29966645,-416.4587863,2095.07767,98.09916738,0.013984091,2095.282538,,0.07475049,0.145821,1.59523174
8383.12,3300,2081.3073,235.5855105,28.21275503,-417.1604111,2096.261766,98.17391787,0.013457791,2096.451609,,0.07475049,0.1875737,1.08691142
8386.039,3300,2081.227369,235.654763,28.73259054,-415.256264,2096.650917,98.24866836,0.013703183,2096.847784,,0.07475049,0.0692525,0.51983551
8388.621,3300,2080.539516,235.9568083,28.04247721,-414.8927141,2099.445936,98.32341885,0.01335629,2099.63321,,0.07475049,0.3020453,0.69011333
8391.531,3300,2080.353796,236.1468729,27.88502252,-417.1403497,2100.666311,98.39816934,0.013273591,2100.851381,,0.07475049,0.1900646,0.15745469
8394.125,3300,2081.601386,236.3589518,27.5488752,-417.5932162,2101.888795,98.47291983,0.013105973,2102.069325,,0.07475049,0.2120789,0.33614732
8397.023,3300,2081.828306,236.509742,29.72232222,-415.2173637,2102.852298,98.54767032,0.014133348,2103.06234,,0.07475049,0.1507902,2.17344702
8399.624,3300,2080.743698,236.4650496,28.68449528,-415.5204831,2102.67866,98.62242081,0.013641036,2102.874306,,0.07475049,-0.0446924,1.03782694
8402.501,3300,2081.308682,236.6913346,26.83984784,-414.3593409,2104.681224,98.6971713,0.012751762,2104.852354,,0.07475049,0.226285,1.84464744
8405.119,3300,2081.202485,236.9735952,28.33471818,-416.5725514,2106.696351,98.77192179,0.013449024,2106.886891,,0.07475049,0.2822606,1.49487034
8408.049,3300,2081.20057,237.1222244,28.75226986,-414.267519,2107.774357,98.84667228,0.013640211,2107.970454,,0.07475049,0.1486292,0.41755168
8410.625,3300,2081.024035,237.3498126,28.72224415,-413.7776812,2110.310741,98.92142277,0.013609593,2110.506193,,0.07475049,0.2275882,0.03002571
8413.511,3300,2080.851082,237.5423633,28.95751889,-415.1307297,2111.36767,98.99617326,0.013714193,2111.566237,,0.07475049,0.1925507,0.23527474
8416.13,3300,2081.239094,237.4468135,27.98902963,-413.9797186,2110.46922,99.07092375,0.013261216,2110.654807,,0.07475049,-0.0955498,0.96848926
8419.014,3300,2081.367967,237.7561182,29.83464382,-414.5669928,2112.36278,99.14567424,0.014122887,2112.573459,,0.07475049,0.3093047,1.84561419
8421.632,3300,2081.161236,237.942392,28.17109255,-414.9071294,2114.110191,99.22042473,0.013324483,2114.297876,,0.07475049,0.1862738,1.66355127
8424.161,3300,2081.424731,238.1722501,28.90579652,-414.6217599,2116.080811,99.29517522,0.013659213,2116.278229,,0.07475049,0.2298581,0.73470397
8426.686,3300,2080.400214,238.5689186,27.57488838,-414.3764925,2119.426267,99.36992571,0.01300981,2119.605641,,0.07475049,0.3966685,1.33090814
8429.21,3300,2081.62224,238.6585236,27.03510908,-412.4331853,2120.146555,99.4446762,0.012750837,2120.318918,,0.07475049,0.089605,0.5397793
8431.748,3300,2080.548053,238.7879002,29.67814892,-415.8020124,2120.415798,99.51942669,0.013995468,2120.623482,,0.07475049,0.1293766,2.64303984
8434.273,3300,2081.682391,238.9224261,27.3922687,-414.8289965,2121.560244,99.59417718,0.012910662,2121.737072,,0.07475049,0.1345259,2.28588022
8436.797,3300,2080.374158,239.1341961,28.95110814,-413.6844893,2123.6557,99.66892767,0.013631831,2123.853031,,0.07475049,0.21177,1.55883944
8439.319,3300,2081.394936,239.2449314,29.92461666,-412.3912493,2124.066108,99.74367816,0.014087432,2124.276892,,0.07475049,0.1107353,0.97350852
8441.841,3300,2079.850569,239.4355879,29.20257526,-413.29958,2125.923176,99.81842865,0.013735557,2126.123736,,0.07475049,0.1906565,0.7220414
8444.364,3300,2081.882442,239.4520322,28.0727613,-413.3931524,2125.531625,99.89317914,0.013206639,2125.717001,,0.07475049,0.0164443,1.12981396
8446.887,3300,2080.785866,239.843293,28.58902992,-411.8190732,2129.597295,99.96792963,0.013423811,2129.789185,,0.07475049,0.3912608,0.51626862
8449.413,3300,2081.887723,239.972032,27.43689109,-412.4330045,2129.873691,100.0426801,0.012881221,2130.050403,,0.07475047,0.128739,1.15213883
8451.936,3300,2080.026999,240.3391063,29.42062483,-413.5394808,2133.081252,100.1174306,0.013791673,2133.284136,,0.0747505,0.3670743,1.98373374
8454.458,3300,2082.087107,240.3237303,28.97854566,-411.7631579,2132.772953,100.1921811,0.013586426,2132.969813,,0.0747505,-0.015376,0.44207917
8456.98,3300,2080.647078,240.5402445,29.359268,-413.023546,2134.559319,100.2669316,0.013753385,2134.761217,,0.0747505,0.2165142,0.38072234
8459.504,3300,2082.197652,240.7946875,28.62997753,-412.057919,2136.310599,100.3416821,0.013400797,2136.502434,,0.0747505,0.254443,0.72929047
8462.13,3300,2081.785949,240.9710474,28.301544,-412.3329669,2137.474775,100.4164326,0.013239871,2137.662132,,0.0747505,0.1763599,0.32843353
8464.992,3300,2081.161849,241.0128883,29.45887376,-412.5057449,2137.772247,100.4911831,0.013779302,2137.975212,,0.0747505,0.0418409,1.15732976
8467.626,3300,2081.296198,241.1724778,26.71454058,-411.3201059,2139.322792,100.5659335,0.012486733,2139.489583,,0.0747504,0.1595895,2.74433318
8470.507,3300,2081.537536,241.4681224,28.158222,-412.2571943,2141.410926,100.640684,0.01314862,2141.59605,,0.0747505,0.2956446,1.44368142
8473.126,3300,2081.731583,241.5212321,29.83903173,-412.1269423,2141.563551,100.7154345,0.013932391,2141.771419,,0.0747505,0.0531097,1.68080973
8476.011,3300,2081.74691,241.8844085,28.6205768,-411.4468736,2145.093845,100.790185,0.013341551,2145.28477,,0.0747505,0.3631764,1.21845493
8478.629,3300,2081.204297,241.9003102,28.71874133,-411.4276973,2145.073291,100.8649355,0.013387433,2145.265529,,0.0747505,0.0159017,0.09816453
8481.49,3300,2081.826223,242.1108314,28.96894404,-410.8167582,2146.526275,100.939686,0.013494913,2146.721745,,0.0747505,0.2105212,0.25020271
8484.129,3300,2081.812458,242.305804,29.36767597,-411.8485736,2147.663909,101.0144365,0.01367339,2147.86469,,0.0747505,0.1949726,0.39873193
8486.991,3300,2080.884141,242.5777632,29.31631706,-412.075744,2150.270273,101.089187,0.013632938,2150.47011,,0.0747505,0.2719592,0.05135891
8489.628,3300,2081.956968,242.7887733,28.0811237,-411.0204248,2152.222578,101.1639375,0.01304676,2152.405765,,0.0747505,0.2110101,1.23519336
8492.507,3300,2081.952421,242.7318585,28.26579011,-409.0236278,2151.435359,101.238688,0.013137352,2151.62103,,0.0747505,-0.0569148,0.18466641
8495.12,3300,2082.123775,243.0794617,29.65306733,-407.8918945,2154.271509,101.3134385,0.013763908,2154.475583,,0.0747505,0.3476032,1.38727722
8498.038,3300,2081.910201,243.2635973,30.47255342,-410.5775829,2155.118948,101.3881889,0.014138673,2155.334373,,0.0747504,0.1841356,0.81948609
8500.614,3300,2081.23403,243.5598198,28.30143426,-410.8582728,2158.170138,101.4629394,0.013112874,2158.355697,,0.0747505,0.2962225,2.17111916
8503.569,3300,2081.946801,243.4896552,28.34436175,-408.7143555,2157.559103,101.5376899,0.01313648,2157.745279,,0.0747505,-0.0701646,0.04292749
8506.128,3300,2082.327805,243.7428385,28.07827821,-408.4931206,2158.92533,101.6124404,0.01300494,2159.10791,,0.0747505,0.2531833,0.26608354
8508.993,3300,2081.478482,244.0407345,28.93568535,-408.657518,2161.397353,101.6871909,0.01338669,2161.591033,,0.0747505,0.297896,0.85740714
8511.613,3300,2082.048669,244.2276277,29.84913558,-410.9762947,2163.061899,101.7619414,0.013798607,2163.267841,,0.0747505,0.1868932,0.91345023
8514.572,3300,2082.024345,244.3233962,28.61056887,-409.8745801,2163.760479,101.8366919,0.013221843,2163.949624,,0.0747505,0.0957685,1.23856671
8517.115,3300,2082.658711,244.6121493,29.14283904,-408.0861761,2165.829943,101.9114424,0.013454925,2166.026003,,0.0747505,0.2887531,0.53227017
8520.057,3300,2081.746803,244.6557772,28.91884004,-407.5884028,2165.831635,101.9861929,0.013351509,2166.024693,,0.0747505,0.0436279,0.223999
8522.63,3300,2082.119393,244.9029059,28.13229468,-408.6238192,2168.151642,102.0609434,0.012974515,2168.334146,,0.0747505,0.2471287,0.78654536
8525.483,3300,2082.625809,244.9194012,16.93577849,-407.8488765,2167.842689,102.1356938,0.007812114,2167.908842,,0.0747504,0.0164953,11.19651619
8528.008,3300,2081.734555,245.0950673,-1.752059558,-407.3286549,2169.69888,102.2104443,-0.000807513,2169.699588,,0.0747505,0.1756661,18.68783805
8530.63,3300,2081.159921,245.2204108,-34.67210469,-409.7565305,2170.244519,102.2851948,-0.015974769,2170.521464,,0.0747505,0.1253435,32.92004513
8533.491,3300,2083.231453,245.5191563,-68.78935398,-412.382839,2171.851549,102.3599453,-0.031662553,2172.940664,,0.0747505,0.2987455,34.11724929
8536.13,3300,2083.85299,245.5882041,-104.2171488,-419.416422,2170.657731,102.4346958,-0.047974943,2173.158116,,0.0747505,0.0690478,35.42779482
8538.996,3300,2083.184843,245.9304491,-128.1203844,-427.1404869,2172.42404,102.5094463,-0.058907539,2176.19876,,0.0747505,0.342245,23.9032356
8541.614,3300,2084.587128,246.283753,-157.3762945,-436.4607859,2173.811622,102.5841968,-0.072270387,2179.500921,,0.0747505,0.3533039,29.2559101
8544.574,3300,2087.025982,246.1986572,-195.0004469,-450.5721843,2169.259251,102.6589473,-0.089651679,2178.006169,,0.0747505,-0.0850958,37.6241524
8547.121,3300,2087.060066,246.4795142,-213.6702889,-458.4377803,2169.811071,102.7336978,-0.098157677,2180.306189,,0.0747505,0.280857,18.669842
8550.039,3300,2089.434249,246.5092118,-243.7347808,-472.7159246,2166.677588,102.8084483,-0.112021466,2180.343646,,0.0747505,0.0296976,30.0644919
8552.63,3300,2090.844888,246.7181889,-276.4205456,-490.720149,2164.504785,102.8831987,-0.127018606,2182.083702,,0.0747504,0.2089771,32.6857648
8555.486,3300,2094.716878,246.9249335,-304.4755159,-505.8166462,2161.885801,102.9579492,-0.139917667,2183.221372,,0.0747505,0.2067446,28.0549703
8558.129,3300,2096.673607,246.978407,-328.3109309,-520.6499252,2158.822153,103.0326997,-0.150922313,2183.644009,,0.0747505,0.0534735,23.835415
8561.002,3300,2098.805523,247.1877802,-362.574282,-542.26846,2155.354337,103.1074502,-0.166659907,2185.637763,,0.0747505,0.2093732,34.2633511
8563.62,3300,2101.299987,247.4044428,-386.6930624,-558.076521,2152.969655,103.1822007,-0.177714334,2187.420823,,0.0747505,0.2166626,24.1187804
8566.521,3300,2104.917337,247.3957819,-416.0419096,-577.5935935,2146.474109,103.2569512,-0.191451774,2186.422185,,0.0747505,-0.0086609,29.3488472
8569.131,3300,2106.758107,247.8386781,-446.4692145,-600.9120738,2144.661331,103.3317017,-0.205245578,2190.64077,,0.0747505,0.4428962,30.4273049
8571.987,3300,2109.812843,247.8476434,-476.0151111,-621.9241385,2138.076227,103.4064522,-0.219064274,2190.424694,,0.0747505,0.0089653,29.5458966
8574.617,3300,2112.385731,247.9956958,-504.0228337,-642.6310012,2133.71213,103.4812027,-0.231966623,2192.433914,,0.0747505,0.1480524,28.0077226
8577.549,3300,2116.938886,248.2606155,-542.0483293,-672.8678787,2125.680185,103.5559532,-0.249678929,2193.702951,,0.0747505,0.2649197,38.0254956
8580.128,3300,2119.620453,248.2039518,-572.4742024,-697.3442773,2117.099824,103.6307036,-0.2640892,2193.134373,,0.0747504,-0.0566637,30.4258731
8583,3300,2123.42903,248.5427513,-593.775094,-714.5828962,2114.104592,103.7054541,-0.273809369,2195.906894,,0.0747505,0.3387995,21.3008916
8585.622,3300,2126.596027,248.6740656,-623.9716361,-740.0629676,2106.349692,103.7802046,-0.287997846,2196.827173,,0.0747505,0.1313143,30.1965421
8588.542,3300,2131.521607,248.9259342,-660.5754315,-770.1574819,2097.041468,103.8549551,-0.305164021,2198.622937,,0.0747505,0.2518686,36.6037954
8591.125,3300,2132.254589,249.1115242,-678.5966808,-785.362688,2093.033021,103.9297056,-0.31352345,2200.291045,,0.0747505,0.18559,18.0212493
8594.02,3300,2136.845827,249.2569925,-711.4786024,-813.4551885,2083.491091,104.0044561,-0.329068015,2201.621431,,0.0747505,0.1454683,32.8819216
8596.625,3300,2141.087703,249.4570428,-744.1221658,-841.0459211,2073.537923,104.0792066,-0.344551282,2203.015505,,0.0747505,0.2000503,32.6435634
8599.515,3300,2142.889171,249.5953705,-762.6486072,-857.6594254,2068.110347,104.1539571,-0.353294002,2204.248921,,0.0747505,0.1383277,18.5264414
8602.13,3300,2146.581836,249.7800519,-792.241126,-884.1395776,2058.076123,104.2287076,-0.367458831,2205.294386,,0.0747505,0.1846814,29.5925188
8604.995,3300,2151.692472,249.8684271,-825.6362469,-913.4439173,2045.554243,104.3034581,-0.38362722,2205.893781,,0.0747505,0.0883752,33.3951209
8607.62,3300,2154.44118,250.0135536,-846.8721896,-932.0389877,2037.875304,104.3782085,-0.393853117,2206.836709,,0.0747504,0.1451265,21.2359427
8610.543,3300,2158.529091,250.2900893,-881.4200211,-962.8898633,2025.323592,104.452959,-0.410477986,2208.808934,,0.0747505,0.2765357,34.5478315
8613.129,3300,2163.321636,250.3060194,-914.7477598,-992.4337878,2010.070736,104.5277095,-0.427072383,2208.42655,,0.0747505,0.0159301,33.3277387
8615.99,3300,2167.376426,250.4917482,-942.3711467,-1017.342526,1998.268571,104.60246,-0.440665548,2209.330364,,0.0747505,0.1857288,27.6233869
8618.63,3300,2170.765748,250.6589683,-967.012132,-1040.175278,1988.460731,104.6772105,-0.452637294,2211.128342,,0.0747505,0.1672201,24.6409853
8621.496,3300,2175.724159,250.9831785,-1000.056507,-1070.574037,1974.310628,104.751961,-0.468861558,2213.146057,,0.0747505,0.3242102,33.044375
8624.131,3300,2178.520274,251.0669218,-1023.73624,-1091.725947,1961.886706,104.8267115,-0.480944642,2212.924611,,0.0747505,0.0837433,23.679733
8626.989,3300,2182.398869,251.1069028,-1051.381464,-1117.338251,1947.986751,104.901462,-0.49492204,2213.606868,,0.0747505,0.039981,27.645224
8629.625,3300,2185.672576,251.4804022,-1081.295691,-1145.388204,1934.627971,104.9762125,-0.509663186,2216.300015,,0.0747505,0.3734994,29.914227
8632.52,3300,2187.208784,251.568199,-1088.174828,-1151.23928,1931.189779,105.050963,-0.513128888,2216.668315,,0.0747505,0.0877968,6.879137
8635.12,3300,2187.327784,251.6959398,-1088.960384,-1151.42696,1930.914006,105.1257134,-0.513498682,2216.813843,,0.0747504,0.1277408,0.785556
8638.044,3300,2187.307801,251.88184,-1089.374521,-1152.155508,1932.746407,105.2004639,-0.513255557,2218.613423,,0.0747505,0.1859002,0.414137
8640.632,3300,2186.87952,251.9393464,-1088.116182,-1151.095602,1934.159718,105.2752144,-0.512448897,2219.227488,,0.0747505,0.0575064,1.258339
8643.16,3300,2186.901694,252.2624371,-1089.148462,-1151.690149,1936.014301,105.3499649,-0.512444555,2221.349983,,0.0747505,0.3230907,1.03228
8645.682,3300,2187.053887,252.4239631,-1090.582632,-1153.250838,1936.876586,105.4247154,-0.512816681,2222.804847,,0.0747505,0.161526,1.43417
8648.207,3300,2186.699882,252.6932906,-1091.145223,-1153.247518,1938.770293,105.4994659,-0.512619401,2224.731028,,0.0747505,0.2693275,0.562591
8650.732,3300,2186.775098,252.8788401,-1091.864265,-1154.426679,1939.92482,105.5742164,-0.512646519,2226.089818,,0.0747505,0.1855495,0.719042
8653.256,3300,2186.806932,253.0196273,-1092.813793,-1154.955196,1940.346291,105.6489669,-0.512925263,2226.922925,,0.0747505,0.1407872,0.949528
8655.781,3300,2187.096715,253.0863803,-1093.487076,-1155.179863,1940.53131,105.7237174,-0.513147873,2227.414588,,0.0747505,0.066753,0.673283
8658.303,3300,2186.997078,253.2342897,-1093.364346,-1155.355458,1941.615552,105.7984679,-0.512861017,2228.299025,,0.0747505,0.1479094,0.12273
8660.825,3300,2186.60572,253.4780122,-1094.482178,-1156.487731,1943.330781,105.8732183,-0.512920381,2230.342073,,0.0747504,0.2437225,1.117832
8663.349,3300,2186.774069,253.6556701,-1094.577363,-1156.197976,1944.798552,105.9479688,-0.512634794,2231.667765,,0.0747505,0.1776579,0.095185
8665.873,3300,2187.063471,253.8070005,-1096.115284,-1157.581605,1945.135245,106.0227193,-0.5131611,2232.715798,,0.0747505,0.1513304,1.537921
8668.395,3300,2187.503299,254.1091534,-1097.358917,-1158.549053,1947.161902,106.0974698,-0.513200693,2235.091959,,0.0747505,0.3021529,1.243633
8670.917,3300,2187.024641,254.2484194,-1098.065887,-1159.22829,1947.766044,106.1722203,-0.513343487,2235.965397,,0.0747505,0.139266,0.70697
8673.457,3300,2186.870921,254.2771917,-1097.537181,-1158.639899,1948.182119,106.2469708,-0.513046139,2236.068298,,0.0747505,0.0287723,0.528706
8675.982,3300,2186.907311,254.4518737,-1097.446678,-1158.648406,1949.88809,106.3217213,-0.512636666,2237.510396,,0.0747505,0.174682,0.090503
8678.507,3300,2186.753411,254.6606474,-1097.911329,-1158.747031,1951.785876,106.3964718,-0.512401827,2239.392193,,0.0747505,0.2087737,0.464651
8681.131,3300,2187.653051,255.0660826,-1101.301359,-1162.277214,1952.729944,106.4712223,-0.513513304,2241.878435,,0.0747505,0.4054352,3.39003
8683.985,3300,2187.415358,255.2143698,-1101.319662,-1161.892176,1954.566374,106.5459728,-0.5131183,2243.487176,,0.0747505,0.1482872,0.018303
8686.629,3300,2187.23638,255.3711212,-1101.295865,-1162.560886,1956.077556,106.6207232,-0.512778596,2244.792193,,0.0747504,0.1567514,0.023797
8689.501,3300,2187.05815,255.6030226,-1102.232754,-1162.619044,1957.370254,106.6954737,-0.512859701,2246.378275,,0.0747505,0.2319014,0.936889
8692.13,3300,2187.828001,255.7042148,-1103.912504,-1164.608672,1956.651428,106.7702242,-0.513668197,2246.576869,,0.0747505,0.1011922,1.67975
8694.998,3300,2187.068118,255.8855435,-1103.277932,-1164.225103,1958.967557,106.8449747,-0.512916171,2248.282919,,0.0747505,0.1813287,0.634572
8697.622,3300,2187.505894,256.0630072,-1103.710771,-1164.480854,1960.611521,106.9197252,-0.512725237,2249.927777,,0.0747505,0.1774637,0.432839
8700.535,3300,2186.799112,256.3400094,-1105.307091,-1165.53096,1961.922606,106.9944757,-0.51305736,2251.853476,,0.0747505,0.2770022,1.59632
8703.111,3300,2187.610787,256.3967617,-1106.945747,-1166.575986,1961.07478,107.0692262,-0.51387614,2251.919887,,0.0747505,0.0567523,1.638656
8706.086,3300,2187.507395,256.6490756,-1106.855468,-1167.064142,1963.127606,107.1439767,-0.513393503,2253.663467,,0.0747505,0.2523139,0.090279
8708.622,3300,2187.140173,256.7352736,-1105.583724,-1165.326299,1965.464581,107.2187272,-0.512393286,2255.075695,,0.0747505,0.086198,1.271744
8711.521,3300,2187.480787,256.8354763,-1108.546,-1168.331325,1963.84123,107.2934777,-0.513891087,2255.115653,,0.0747505,0.1002027,2.962276
8714.129,3300,2188.113014,257.0575788,-1109.61965,-1168.729308,1964.512165,107.3682281,-0.514159306,2256.227784,,0.0747504,0.2221025,1.07365
8717.005,3300,2187.389988,257.2143886,-1107.543826,-1167.236537,1967.691207,107.4429786,-0.512666423,2257.977416,,0.0747505,0.1568098,2.075824
8719.621,3300,2188.020593,257.525819,-1109.774023,-1169.47046,1969.874742,107.5177291,-0.513052297,2260.974321,,0.0747505,0.3114304,2.230197
8722.542,3300,2187.761198,257.5783305,-1110.04766,-1168.948078,1969.031849,107.5924796,-0.513340803,2260.374356,,0.0747505,0.0525115,0.273637
8725.124,3300,2188.103622,257.9167107,-1110.351925,-1169.494906,1971.95394,107.6672301,-0.512823823,2263.069539,,0.0747505,0.3383802,0.304265
8728.016,3300,2187.381269,257.9978499,-1113.03283,-1172.126107,1971.281142,107.7419806,-0.514001551,2263.800217,,0.0747505,0.0811392,2.680905
8730.631,3300,2187.991872,258.2801985,-1113.239379,-1172.512779,1973.735779,107.8167311,-0.513548337,2266.039462,,0.0747505,0.2823486,0.206549
8733.492,3300,2187.671928,258.3426935,-1112.963696,-1172.126037,1974.326737,107.8914816,-0.513314293,2266.418816,,0.0747505,0.062495,0.275683
8736.126,3300,2188.615014,258.5554926,-1114.894009,-1173.595189,1974.268482,107.9662321,-0.514068552,2267.316627,,0.0747505,0.2127991,1.930313
8739.021,3300,2187.819113,258.826871,-1115.774484,-1174.346694,1976.450699,108.0409826,-0.513933565,2269.649767,,0.0747505,0.2713784,0.880475
8741.621,3300,2187.991651,258.9445929,-1114.370657,-1173.224235,1978.782755,108.115733,-0.512890439,2270.991668,,0.0747504,0.1177219,1.403827
8744.535,3300,2188.333297,259.117804,-1116.290907,-1175.005706,1978.801172,108.1904835,-0.513622908,2271.950587,,0.0747505,0.1732111,1.92025
8747.127,3300,2188.155684,259.3389308,-1116.593202,-1174.772125,1980.130064,108.265234,-0.513451505,2273.256573,,0.0747505,0.2211268,0.302295
8750.002,3300,2187.880331,259.4751154,-1117.955355,-1176.674569,1980.59039,108.3399845,-0.513873785,2274.326817,,0.0747505,0.1361846,1.362153
8752.621,3300,2187.682205,259.5472903,-1116.346081,-1174.881981,1982.123478,108.414735,-0.512926467,2274.871876,,0.0747505,0.0721749,1.609274
8755.539,3300,2187.210454,259.7425442,-1119.856995,-1178.141249,1982.009229,108.4894855,-0.514294871,2276.497369,,0.0747505,0.1952539,3.510914
8758.127,3300,2188.067528,260.0893478,-1120.208578,-1178.018981,1983.941304,108.564236,-0.514012068,2278.352553,,0.0747505,0.3468036,0.351583
8761.004,3300,2187.557346,260.1134524,-1119.255479,-1177.421687,1984.956433,108.6389865,-0.513428835,2278.768278,,0.0747505,0.0241046,0.953099
8763.619,3300,2187.6687,260.2619613,-1120.062297,-1177.882604,1985.49904,108.713737,-0.513620217,2279.637249,,0.0747505,0.1485089,0.806818
8766.545,3300,2187.319273,260.5215112,-1121.668867,-1179.293161,1987.180018,108.7884875,-0.51387148,2281.890767,,0.0747505,0.2595499,1.60657
8769.127,3300,2189.035286,260.6124025,-1123.227958,-1180.33817,1986.014574,108.863238,-0.514717628,2281.643034,,0.0747505,0.0908913,1.559091
8772.003,3300,2188.395831,260.8177566,-1123.83166,-1181.1577,1988.361749,108.9379884,-0.514441791,2283.983373,,0.0747504,0.2053541,0.603702
8774.621,3300,2188.571668,261.0353341,-1122.25529,-1179.916198,1991.25033,109.0127389,-0.51321957,2285.724133,,0.0747505,0.2175775,1.57637
8777.527,3300,2188.193289,261.084921,-1124.134357,-1181.132403,1990.477795,109.0874894,-0.514101595,2285.974607,,0.0747505,0.0495869,1.879067
8780.125,3300,2188.526546,261.4399335,-1124.373194,-1181.453748,1992.804219,109.1622399,-0.513692498,2288.117946,,0.0747505,0.3550125,0.238837
8782.998,3300,2188.285861,261.4395665,-1124.643234,-1181.665267,1993.041192,109.2369904,-0.513744385,2288.457034,,0.0747505,-0.000367,0.27004
8785.606,3300,2188.544455,261.7648203,-1126.036806,-1182.943367,1995.280012,109.3117409,-0.513793892,2291.091708,,0.0747505,0.3252538,1.393572
8788.594,3300,2188.317419,261.7968842,-1125.570608,-1182.341077,1995.528503,109.3864914,-0.513563374,2291.079047,,0.0747505,0.0320639,0.466198
8791.12,3300,2188.769792,262.0716267,-1128.895125,-1185.075599,1995.437295,109.4612419,-0.514845943,2292.634773,,0.0747505,0.2747425,3.324517
8794.028,3300,2188.784824,262.3713765,-1130.873567,-1187.191771,1996.726658,109.5359924,-0.515319677,2294.731438,,0.0747505,0.2997498,1.978442
8796.622,3300,2187.520494,262.4751048,-1128.4798,-1184.518142,1999.261775,109.6107429,-0.5138682,2295.760071,,0.0747505,0.1037283,2.393767
8799.53,3300,2188.42855,262.7012666,-1128.306957,-1183.863025,2001.019683,109.6854933,-0.513426525,2297.206207,,0.0747504,0.2261618,0.172843
8802.124,3300,2187.971218,262.868398,-1130.452551,-1186.152587,2001.070641,109.7602438,-0.514228824,2298.305175,,0.0747505,0.1671314,2.145594
8805.011,3300,2187.887571,263.0029546,-1131.023947,-1186.795278,2002.425521,109.8349943,-0.514155374,2299.765887,,0.0747505,0.1345566,0.571396
8807.629,3300,2188.306976,263.1541472,-1130.356946,-1186.081725,2004.114011,109.9097448,-0.513542067,2300.908471,,0.0747505,0.1511926,0.667001
8810.487,3300,2187.912609,263.409819,-1132.697687,-1187.795109,2004.847112,109.9844953,-0.514271065,2302.697547,,0.0747505,0.2556718,2.340741
8813.125,3300,2188.824642,263.6325614,-1133.247786,-1188.821253,2005.671802,110.0592458,-0.514302875,2303.68616,,0.0747505,0.2227424,0.550099
8816.007,3300,2187.406356,263.6187814,-1133.891754,-1189.204601,2005.501744,110.1339963,-0.514582544,2303.854977,,0.0747505,-0.01378,0.643968
8818.625,3300,2187.676724,263.9373829,-1133.916515,-1188.972324,2008.630206,110.2087468,-0.51392435,2306.590984,,0.0747505,0.3186015,0.024761
8821.49,3300,2187.722899,263.8918842,-1134.54137,-1189.786586,2007.594199,110.2834973,-0.514381175,2305.996225,,0.0747505,-0.0454987,0.624855
8824.127,3300,2187.875679,264.197209,-1137.387149,-1191.95657,2008.379192,110.3582478,-0.515287259,2308.080697,,0.0747505,0.3053248,2.845779
8827.003,3300,2188.193056,264.2682426,-1135.974425,-1190.528092,2009.47293,110.4329982,-0.514521226,2308.336923,,0.0747504,0.0710336,1.412724
8829.621,3300,2187.955017,264.5156689,-1136.205875,-1191.028586,2012.087425,110.5077487,-0.514051609,2310.727071,,0.0747505,0.2474263,0.23145
8832.536,3300,2188.365992,264.7845567,-1135.987417,-1190.313026,2014.236749,110.5824992,-0.513512335,2312.491534,,0.0747505,0.2688878,0.218458
8835.127,3300,2188.430646,265.161919,-1140.245385,-1194.439424,2014.63783,110.6572497,-0.51502934,2314.935231,,0.0747505,0.3773623,4.257968
8838.005,3300,2188.248287,265.2491512,-1141.110021,-1195.529714,2015.140283,110.7320002,-0.515247401,2315.798445,,0.0747505,0.0872322,0.864636
8840.62,3300,2188.525713,265.3815012,-1138.976416,-1193.704721,2017.693867,110.8067507,-0.513903025,2316.97126,,0.0747505,0.13235,2.133605
8843.531,3300,2188.575488,265.4499559,-1141.280479,-1195.102371,2016.215533,110.8815012,-0.515082735,2316.818121,,0.0747505,0.0684547,2.304063
8846.119,3300,2189.111393,265.6195881,-1141.515753,-1195.436046,2017.167668,110.9562517,-0.514968711,2317.762631,,0.0747505,0.1696322,0.235274
8849.05,3300,2188.743898,265.831186,-1142.971156,-1196.742235,2018.524891,111.0310022,-0.515226596,2319.660708,,0.0747505,0.2115979,1.455403
