4.140000105,2100,1930.667877,263.9639315,-1437.616054,1697.194537,110.0852273,-0.702781488,2224.232276
6.662000179,2100,1927.378561,264.1017577,-1428.7574,1708.478217,110.00251,-0.696471756,2227.160866
9.355000019,2100,1930.324534,263.7300649,-1439.583467,1697.310101,109.9197928,-0.703422457,2225.592537
11.88199997,2100,1932.2024,263.3174098,-1407.613175,1721.406418,109.8370756,-0.685447495,2223.649007
14.40400004,2100,1934.273115,263.2762874,-1430.126755,1706.436345,109.7543583,-0.69753188,2226.474238
16.92799997,2100,1930.832154,263.4173768,-1427.918278,1711.48815,109.6716411,-0.695316666,2228.932994
19.45099998,2100,1935.384532,262.5380115,-1423.008716,1709.904601,109.5889239,-0.694078071,2224.573565
22.03700018,2100,1934.718419,262.6798361,-1434.070135,1698.829724,109.5062066,-0.701089058,2223.191306
24.5710001,2100,1938.83849,262.200757,-1409.840877,1710.83039,109.4234894,-0.689245339,2216.887891
27.09700012,2100,1935.047007,262.1675204,-1424.991732,1703.786178,109.3407722,-0.696526381,2221.145825
29.63300014,2100,1931.30987,261.9337208,-1417.335855,1707.911305,109.2580549,-0.69268791,2219.414777
32.16100001,2100,1930.588336,261.2678552,-1419.598888,1702.562269,109.1753377,-0.695014478,2216.749711
34.7650001,2100,1927.227454,261.7292603,-1416.977863,1695.843379,109.0926205,-0.696050578,2209.911996
37.29200006,2100,1931.539734,261.6580737,-1395.499802,1717.798862,109.0099032,-0.682242291,2213.199636
39.84000015,2100,1935.314062,261.0188448,-1411.780285,1701.326246,108.927186,-0.692656284,2210.799531
42.37300015,2100,1930.620683,261.0893269,-1411.801899,1694.539448,108.8444688,-0.694628801,2205.594828
44.898,2100,1930.142221,260.7307971,-1424.870064,1690.113832,108.7617516,-0.700452146,2210.597083
47.421,2100,1927.771732,260.3624093,-1401.714684,1687.639371,108.6790343,-0.693109465,2193.839261
50.16300011,2100,1930.662199,260.2074087,-1383.967647,1718.854359,108.5963171,-0.677884623,2206.768396
52.77100015,2100,1936.152729,260.2884754,-1400.162933,1702.114433,108.5135999,-0.688371583,2204.007664
55.2980001,2100,1935.29822,259.8505053,-1422.164918,1682.522053,108.4308826,-0.701734532,2203.050956
57.87800002,2100,1939.122414,259.7717509,-1395.376967,1693.458943,108.3481654,-0.689193058,2194.283499
60.40100002,2100,1935.112598,259.5683104,-1398.763884,1699.393282,108.2654482,-0.688666098,2201.017476
62.94300008,2100,1937.27056,259.3189962,-1409.081486,1680.305955,108.1827309,-0.697830366,2192.92926
65.46800017,2100,1938.647042,259.2724538,-1425.672447,1667.497779,108.1000137,-0.707376451,2193.875741
68.01300001,2100,1935.363505,258.990577,-1389.764735,1695.410736,108.0172965,-0.686651136,2192.227995
70.6170001,2100,1931.115187,258.5319943,-1393.754574,1697.982518,107.9345792,-0.687313594,2196.746787
73.15200019,2100,1932.511846,258.6581298,-1417.722576,1673.070798,107.851862,-0.702969605,2192.966757
75.70800018,2100,1934.579431,258.3369897,-1392.270934,1698.699768,107.7691448,-0.686584273,2196.360457
78.27800012,2100,1939.236408,258.4095626,-1402.968132,1687.551755,107.6864275,-0.693574344,2194.572966
80.91400003,2100,1943.602299,257.8626048,-1413.424756,1686.501514,107.6037103,-0.697533602,2200.467427
83.5,2100,1939.103027,257.9250954,-1399.040432,1696.69329,107.5209931,-0.689543448,2199.109422
86.02400017,2100,1939.237127,257.2741093,-1397.192343,1683.929039,107.4382758,-0.692602988,2188.095851
88.546,2100,1934.516065,257.4480733,-1406.15196,1686.166952,107.3555586,-0.695092667,2195.54602
91.07000017,2100,1939.018889,257.2990287,-1389.3145,1692.404426,107.2728414,-0.687362517,2189.618122
93.60100007,2100,1935.459519,257.0166923,-1398.616782,1691.288902,107.1901241,-0.690961122,2194.672425
96.13300014,2100,1934.832539,256.7742777,-1416.25383,1660.54942,107.1074069,-0.706165226,2182.475495
98.65799999,2100,1931.801795,256.6446702,-1396.488731,1677.290839,107.0246897,-0.694297016,2182.541027
101.2820001,2100,1934.301061,256.1372422,-1401.848584,1675.438,106.9419724,-0.696725248,2184.553031
103.8050001,2100,1939.767356,256.1682129,-1406.499356,1667.660597,106.8592552,-0.700647964,2181.589399
106.3430002,2100,1935.227994,255.6716453,-1392.12764,1674.874729,106.776538,-0.693467968,2177.894562
108.8670001,2100,1934.388689,255.8375442,-1401.025336,1671.970421,106.6938207,-0.697455887,2181.365875
111.392,2100,1930.786787,255.5007238,-1378.775839,1682.067729,106.6111035,-0.686632879,2174.94245
113.915,2100,1934.827327,255.5754545,-1366.859742,1688.189942,106.5283863,-0.680603448,2172.162709
116.438,2100,1931.663966,255.1265681,-1339.84251,1709.105688,106.445669,-0.664873502,2171.686028
118.9620001,2100,1930.458529,254.9408686,-1335.397738,1707.982309,106.3629518,-0.66357975,2168.061504
121.526,2100,1926.97451,254.8212013,-1313.540332,1722.621917,106.2802346,-0.651468322,2166.290487
124.0510001,2100,1922.330614,254.5280105,-1322.024696,1700.740705,106.1975173,-0.660759682,2154.128186
126.5740001,2100,1918.399636,254.1564171,-1306.305243,1711.180024,106.1148001,-0.652018554,2152.805254
129.099,2100,1918.388265,254.3693187,-1274.492904,1727.077762,106.0320829,-0.63574285,2146.422549
131.622,2100,1923.192359,253.955856,-1253.94153,1733.447202,105.9493656,-0.626245702,2139.44118
134.151,2100,1927.068566,253.7397613,-1249.574325,1733.408514,105.8666484,-0.624600393,2136.853076
136.707,2100,1921.928022,253.684236,-1220.946608,1767.566014,105.7839312,-0.604491043,2148.25516
139.286,2100,1918.529245,253.2155242,-1227.02785,1736.069378,105.7012139,-0.615265176,2125.91962
141.9780002,2100,1918.414344,253.0737215,-1188.950781,1759.775344,105.6184967,-0.594179912,2123.773345
144.5350001,2100,1914.631771,253.2559235,-1192.027221,1766.038162,105.5357795,-0.593730785,2130.685262
147.0710001,2100,1918.598739,253.1658316,-1178.567528,1771.044779,105.4530622,-0.587169911,2127.350706
149.595,2100,1922.362088,252.8981879,-1163.303944,1776.262026,105.370345,-0.579823949,2123.295281
152.1270001,2100,1922.190087,252.5143679,-1141.078298,1788.739926,105.2876278,-0.567838317,2121.709265
154.6500001,2100,1918.644634,251.9596296,-1118.945065,1780.177347,105.2049106,-0.561153929,2102.63393
157.3800001,2100,1914.752061,252.0656381,-1110.064921,1774.089645,105.1221933,-0.559109426,2092.758514
159.905,2100,1918.667687,252.3261176,-1086.41123,1796.708305,105.0394761,-0.543844465,2099.630942
162.427,2100,1918.435525,251.9619758,-1079.45244,1799.853741,104.9567589,-0.540231635,2098.735586
164.951,2100,1921.997974,251.7670295,-1059.886679,1795.548691,104.8740416,-0.533245996,2085.031145
167.4750001,2100,1927.30079,251.6024579,-1010.293834,1829.480592,104.7913244,-0.504553593,2089.902597
169.9980001,2100,1931.000635,251.0417575,-1014.697012,1809.416987,104.7086072,-0.511087023,2074.511957
172.5320001,2100,1931.400222,251.1718849,-1004.721216,1811.026594,104.6258899,-0.506505618,2071.058195
175.056,2100,1935.000424,251.1034538,-957.0487021,1840.530358,104.5431727,-0.479507709,2074.486495
177.5800002,2100,1931.108608,250.5589786,-950.207967,1830.210967,104.4604555,-0.478873195,2062.175396
180.1030002,2100,1926.694051,250.361905,-933.8924378,1831.926027,104.3777382,-0.471446677,2056.23638
182.632,2100,1925.829446,250.1186864,-928.3450127,1825.599602,104.295021,-0.470436482,2048.081632
185.1690001,2100,1930.852436,250.0567767,-899.743234,1868.929874,104.2123038,-0.448674741,2074.231608
187.6950002,2100,1934.576867,249.8511647,-881.3715176,1843.746311,104.1295865,-0.445920054,2043.579264
190.296,2100,1939.409605,249.4498611,-848.6741003,1860.66309,104.0468693,-0.427926513,2045.07087
192.8470001,2100,1939.478125,249.7426987,-843.3752982,1846.749403,103.9641521,-0.428395909,2030.213105
195.378,2100,1943.088768,249.8188074,-806.0054478,1858.12287,103.8814348,-0.409278796,2025.404992
197.9530001,2100,1947.695717,249.4975287,-788.4393693,1857.621292,103.7987176,-0.401391933,2018.017221
200.4760001,2100,1944.165197,248.6229512,-786.8476288,1842.228272,103.7160004,-0.403662681,2003.23094
203,2100,1943.314009,249.2393839,-742.8146598,1898.689333,103.6332831,-0.372918874,2038.821915
205.5250001,2100,1938.711457,248.2135311,-760.9841538,1858.379445,103.5505659,-0.388658867,2008.15115
208.0510001,2100,1943.506913,248.4929932,-725.0979732,1882.02268,103.4678487,-0.3677491,2016.872936
210.5730002,2100,1947.050105,247.7794896,-723.1597523,1858.135705,103.3851314,-0.371149039,1993.897772
213.1210001,2100,1946.576114,247.8631238,-683.0627751,1887.837958,103.3024142,-0.347168292,2007.612241
215.6460001,2100,1951.330018,247.4449071,-658.1986755,1890.238617,103.219697,-0.335078656,2001.556276
218.289,2100,1947.921249,247.2783607,-637.5848733,1893.546795,103.1369797,-0.324790611,1998.007492
220.826,2100,1942.777007,247.5277255,-647.77477,1885.452639,103.0542625,-0.330930254,1993.625794
223.4200001,2100,1946.618156,247.205648,-617.4684216,1898.560418,102.9715453,-0.31443973,1996.446572
225.951,2100,1947.625342,247.0734953,-582.9720427,1894.604444,102.888828,-0.298507046,1982.266986
228.4910002,2100,1951.602329,246.5078286,-591.3703427,1904.180735,102.8061108,-0.301120311,1993.896475
231.145,2100,1955.521484,247.0973742,-544.8746059,1905.326435,102.7233936,-0.278540136,1981.705619
233.79,2100,1950.655024,246.2272807,-518.6798875,1919.969908,102.6406763,-0.263851645,1988.796941
236.359,2100,1947.232025,246.2094131,-504.267483,1914.786595,102.5579591,-0.257507488,1980.07409
238.901,2100,1948.08586,245.8615773,-504.7183117,1917.066116,102.4752419,-0.257434564,1982.393268
241.427,2100,1951.400664,245.6278556,-457.5504128,1920.482412,102.3925246,-0.233887407,1974.235314
243.9650002,2100,1955.588926,245.826902,-446.0291301,1925.568802,102.3098074,-0.227620687,1976.551845
246.4880002,2100,1951.725035,245.3989154,-417.2108217,1930.572276,102.2270902,-0.212834325,1975.139029
249.013,2100,1950.837976,245.0077912,-386.7687506,1927.336368,102.1443729,-0.198044776,1965.760805
251.5370002,2100,1947.7697,244.7586277,-362.4701361,1944.257722,102.0616557,-0.184315168,1977.756984
254.1010001,2100,1950.690115,244.8425157,-365.8142028,1937.877295,101.9789385,-0.186575086,1972.102544
256.6240001,2100,1955.57375,244.7389798,-339.3291375,1930.674191,101.8962212,-0.173979894,1960.267097
259.148,2100,1955.251093,244.5357787,-310.0272339,1933.019192,101.813504,-0.159030605,1957.723189
261.793,2100,1958.892078,245.0875305,-294.9126691,1937.132005,101.7307868,-0.151081797,1959.452446
264.3200002,2100,1955.858542,244.1143233,-235.2180587,1937.421385,101.6480696,-0.120816505,1951.647805
266.8440001,2100,1951.258631,243.7261789,-240.7447428,1938.463832,101.5653523,-0.123560892,1953.356101
269.3700001,2100,1946.948851,244.3742514,-219.1041635,1946.209539,101.4826351,-0.112107908,1958.504073
271.8990002,2100,1946.270793,243.5399329,-228.9697652,1958.273205,101.3999179,-0.116395814,1971.613831
274.5020001,2100,1943.764229,243.9158231,-228.3101566,1943.492013,101.3172006,-0.116938236,1956.856339
277.0380001,2100,1947.376956,243.1195675,-205.7839536,1954.555529,101.2344834,-0.10489782,1965.358581
279.5640001,2100,1943.017218,242.774289,-215.2223398,1943.159485,101.1517662,-0.110309359,1955.042056
282.1140001,2100,1943.233249,242.2627735,-210.3256674,1929.822235,101.0690489,-0.108558595,1941.249789
284.6370001,2100,1937.938894,242.5947028,-220.9881535,1927.070178,100.9863317,-0.114176964,1939.699779
287.161,2100,1934.898064,242.2507387,-205.8633256,1959.787297,100.9036145,-0.104659889,1970.569957
289.74,2100,1930.33879,242.3093518,-187.6254022,1963.751762,100.8208972,-0.095255208,1972.694674
292.2870002,2100,1930.247618,241.7936828,-203.5186496,1943.093599,100.73818,-0.10435899,1953.722748
294.8100002,2100,1934.674733,241.4590289,-220.8817022,1922.969649,100.6554628,-0.114363681,1935.613856
297.3370001,2100,1940.235651,241.675516,-204.7311719,1911.106815,100.5727455,-0.106720012,1922.041652
299.8610001,2100,1935.724221,241.5405598,-225.4674533,1928.547339,100.4900283,-0.116382189,1941.682366
302.391,2100,1935.849076,241.2779159,-206.7869562,1917.921944,100.4073111,-0.107403336,1929.037436
304.9160001,2100,1930.658335,241.6148382,-203.3227539,1931.607292,100.3245938,-0.104874722,1942.278783
307.494,2100,1927.069898,241.0590906,-222.0708181,1922.590887,100.2418766,-0.114996412,1935.37365
310.0240002,2100,1930.86977,240.7763707,-227.6249648,1923.998634,100.1591594,-0.117760886,1937.416803
312.5470002,2100,1931.012113,240.8806914,-218.1682723,1930.481299,100.0764421,-0.112534903,1942.770043
315.0910001,2100,1934.541128,240.4881789,-221.8521535,1925.807221,99.9937249,-0.114693982,1938.54374
317.615,2100,1939.114739,240.2048094,-207.4557085,1920.060217,99.91100767,-0.107628934,1931.235125
320.1390002,2100,1942.542078,240.0296775,-240.3678939,1921.631533,99.82829043,-0.124439,1936.606432
322.661,2100,1944.200556,239.6869278,-211.3500177,1921.270619,99.7455732,-0.109564798,1932.860476
325.3670001,2100,1939.822004,239.4370172,-216.1938945,1899.175104,99.66285597,-0.113347755,1911.440785
327.9260001,2100,1934.195397,239.5435994,-231.513696,1910.011542,99.58013874,-0.120622196,1923.991342
330.4490001,2100,1931.283431,239.375065,-217.0985074,1919.585248,99.4974215,-0.112618037,1931.822789
332.9720001,2100,1930.422397,239.1252227,-222.1128607,1927.736068,99.41470427,-0.114713695,1940.48975
335.5120001,2100,1934.476858,239.1630001,-222.4960302,1925.393945,99.33198704,-0.115048404,1938.206988
338.092,2100,1939.75629,238.422784,-227.6311862,1911.260357,99.24926981,-0.118541648,1924.768066
340.615,2100,1935.310835,238.1921873,-224.7088913,1900.442824,99.16655257,-0.117693827,1913.681533
343.158,2100,1935.123468,238.5500996,-199.6136079,1918.969118,99.08383534,-0.103648504,1929.323215
345.747,2100,1930.699943,237.8633104,-234.7542887,1896.50711,99.00111811,-0.123155993,1910.981108
348.3380001,2100,1935.247842,237.621836,-205.4945264,1911.188711,98.91840088,-0.107110339,1922.204539
350.8600001,2100,1939.068027,237.5800242,-232.8786224,1897.566752,98.83568364,-0.122114237,1911.803345
353.3860002,2100,1934.487644,237.1499051,-236.5260062,1913.916063,98.75296641,-0.122958789,1928.475888
355.977,2100,1935.347008,237.1562824,-202.4432318,1882.989265,98.67024918,-0.107100239,1893.840499
358.5010002,2100,1930.213022,236.7564809,-227.7292912,1913.448287,98.58753195,-0.118457921,1926.952251
361.0640001,2100,1926.71556,236.7556472,-205.6510249,1892.22613,98.50481471,-0.108257153,1903.368612
363.589,2100,1930.304527,236.5721129,-201.6749892,1909.662285,98.42209748,-0.105217666,1920.28197
366.1500001,2100,1929.989227,236.4040507,-230.3950689,1891.695348,98.33938025,-0.121196002,1905.673943
368.6730001,2100,1934.856567,236.4057909,-220.9219949,1919.242488,98.25666302,-0.114604557,1931.915696
371.3400002,2100,1929.89121,235.8809589,-226.1135441,1917.251019,98.17394578,-0.117394055,1930.538475
373.8660002,2100,1934.384179,235.4582658,-213.7007178,1907.02813,98.09122855,-0.111593998,1918.964378
376.391,2100,1929.926492,235.3344682,-219.4764031,1900.969433,98.00851132,-0.114946053,1913.597314
378.937,2100,1932.346335,235.5232511,-188.1491744,1923.000006,97.92579409,-0.097531054,1932.18248
381.4630001,2100,1934.025607,235.3529793,-204.9469584,1907.362751,97.84307685,-0.10703975,1918.341972
383.9860001,2100,1939.900588,235.4260856,-181.6554224,1921.716872,97.76035962,-0.094247622,1930.28351
386.5080001,2100,1934.331129,234.5083601,-226.8170984,1894.384667,97.67764239,-0.119164011,1907.9149
389.0580001,2100,1934.892919,234.567909,-228.8858428,1896.847864,97.59492516,-0.120085835,1910.607376
391.582,2100,1930.914789,234.1330124,-202.9216436,1895.716847,97.51220792,-0.106636126,1906.546501
394.1110001,2100,1926.448403,234.1193437,-206.130506,1903.533099,97.42949069,-0.107868052,1914.661339
396.6340001,2100,1931.10342,234.2345206,-203.0559301,1902.382388,97.34677346,-0.106335102,1913.188559
399.161,2100,1930.44927,233.8332765,-221.4102525,1899.205935,97.26405622,-0.116056552,1912.06843
401.7490001,2100,1934.596393,233.8185063,-220.6076181,1904.339881,97.18133899,-0.115330588,1917.075404
404.319,2100,1930.204301,233.7662545,-224.2635933,1905.727729,97.09862176,-0.11713997,1918.877885
407.0120001,2100,1926.151828,233.3071645,-220.5372875,1902.463632,97.01590453,-0.115406844,1915.203531
409.536,2100,1931.132499,233.2162642,-221.4450809,1905.211193,96.93318729,-0.115712037,1918.037438
412.0640001,2100,1930.437773,232.9210742,-197.8415216,1894.274049,96.85047006,-0.104064581,1904.577496
414.5870001,2100,1934.949529,232.6485159,-213.7537112,1897.361977,96.76775283,-0.112185352,1909.364586
417.1140001,2100,1930.650629,232.6439692,-197.7713763,1900.165556,96.6850356,-0.10370772,1910.429967
419.638,2100,1926.02905,232.1168591,-204.6079479,1892.816491,96.60231836,-0.107678977,1903.843135
422.1670001,2100,1926.574837,231.8452725,-192.9063395,1899.200499,96.51960113,-0.101225234,1908.972339
424.6900001,2100,1930.924548,231.7323452,-221.0712349,1895.058703,96.4368839,-0.116131763,1907.909845
427.309,2100,1926.322768,231.5943351,-219.4169095,1900.184918,96.35416667,-0.114962195,1912.811152
429.9350002,2100,1921.80397,231.6647509,-222.3669488,1897.643467,96.27144943,-0.116648602,1910.62759
432.4580002,2100,1922.426178,231.2078418,-200.2017248,1894.094613,96.1887322,-0.105306846,1904.645672
434.9810002,2100,1925.857579,231.1708077,-214.2253911,1882.711181,96.10601497,-0.113298297,1894.859865
437.5040002,2100,1931.041531,230.7193539,-197.1867953,1896.506392,96.02329774,-0.103601446,1906.729956
440.0280001,2100,1926.09886,230.5300697,-204.7734595,1892.317976,95.9405805,-0.107793578,1903.365307
442.6370001,2100,1927.165659,230.5508829,-188.8593254,1903.062536,95.85786327,-0.098915808,1912.410746
445.165,2100,1922.538873,230.0961989,-219.9629709,1890.77644,95.77514604,-0.115814137,1903.528107
447.779,2100,1926.504784,230.1352652,-196.7037281,1899.609843,95.69242881,-0.103181801,1909.766978
450.306,2100,1922.240354,229.91766,-216.4926966,1875.345234,95.60971157,-0.114932758,1887.799998
452.9300001,2100,1921.741447,229.5774768,-217.4268892,1887.215374,95.52699434,-0.114704702,1899.699008
455.4690001,2100,1918.167495,229.4166514,-217.7668154,1862.741888,95.44427711,-0.116378329,1875.427879
457.993,2100,1923.063083,229.1847612,-198.9188647,1884.541852,95.36155988,-0.105163501,1895.011004
460.5180001,2100,1926.43269,229.2843254,-185.3734541,1868.339245,95.27884264,-0.098894638,1877.512943
463.0550001,2100,1925.82458,228.8964203,-170.3566413,1892.921567,95.19612541,-0.089754873,1900.571873
465.5800002,2100,1922.975079,228.6366465,-127.9032684,1875.628055,95.11340818,-0.068086826,1879.984002
468.1030002,2100,1918.377612,228.6947054,-94.74826225,1884.16391,95.03069095,-0.050244312,1886.544692
470.628,2100,1914.613326,228.1656935,-98.79977048,1879.766967,94.94797371,-0.052511266,1882.361614
473.1560001,2100,1914.410175,228.0734635,-48.96235078,1885.075692,94.86525648,-0.02596784,1885.711451
475.6800001,2100,1918.120511,228.0327851,-47.61982824,1878.79759,94.78253925,-0.025340481,1879.400977
478.2740002,2100,1922.338523,227.5156975,-2.558747057,1871.50088,94.69982202,-0.001367216,1871.502629
480.8930001,2100,1926.397467,227.4657416,1.23187421,1861.167756,94.61710478,0.000661882,1861.168164
483.418,2100,1930.453742,227.3322207,48.9676904,1860.768714,94.53438755,0.026309767,1861.412916
485.9430001,2100,1930.852948,227.0547182,59.70138921,1852.649399,94.45167032,0.032213724,1853.611084
488.4680002,2100,1934.560879,227.1834672,87.75362095,1870.432096,94.36895309,0.046881852,1872.489499
491.0010002,2100,1930.264884,226.7018057,101.722603,1848.499934,94.28623585,0.054974364,1851.296707
493.5340002,2100,1926.139812,226.8206186,114.8436584,1867.77424,94.20351862,0.061409594,1871.3016
496.066,2100,1926.348048,226.3131519,133.2733195,1846.97247,94.12080139,0.072032873,1851.774577
498.592,2100,1930.815308,226.3723046,171.079377,1865.590673,94.03808415,0.091446762,1873.418456
501.1290002,2100,1934.941562,226.0959105,187.7053977,1846.630215,93.95536692,0.101299602,1856.145594
503.6530001,2100,1929.946498,225.7352935,197.7344569,1841.742142,93.87264969,0.106953041,1852.326384
506.2870002,2100,1926.621745,225.351469,223.077302,1838.420993,93.78993246,0.120751462,1851.905837
508.974,2100,1926.307732,225.5970036,250.5308195,1839.011649,93.70721522,0.135397723,1855.998259
511.5180001,2100,1930.483881,225.1762603,276.9974805,1827.779452,93.62449799,0.15040416,1848.649596
514.0450001,2100,1926.847789,224.9533995,309.374617,1826.465947,93.54178076,0.16779167,1852.482256
516.569,2100,1922.348742,224.7876458,328.1760122,1816.480039,93.45906353,0.178737871,1845.887111
519.0910001,2100,1922.433776,224.5786848,330.5871478,1827.604516,93.37634629,0.178950511,1857.263075
521.615,2100,1926.3833,224.5210192,371.1876499,1808.489981,93.29362906,0.202435893,1846.189666
524.1400001,2100,1930.629902,224.3271007,370.4790833,1811.347733,93.21091183,0.2017497,1848.847036
526.6630001,2100,1925.704095,224.0098928,409.2761593,1796.744141,93.1281946,0.223966196,1842.7687
529.2850001,2100,1922.194706,223.9401175,436.8325405,1789.278882,93.04547736,0.239454752,1841.831042
531.967,2100,1921.929609,223.6815311,429.5773003,1795.267543,92.96276013,0.234867077,1845.94751
534.49,2100,1926.082111,223.5396766,465.8401944,1779.693525,92.8800429,0.256009397,1839.65109
537.0120001,2100,1923.77333,223.3074351,492.0682706,1769.053139,92.79732567,0.271295597,1836.213547
539.582,2100,1917.634279,223.1706862,503.1595007,1766.941306,92.71460843,0.277419944,1837.185636
542.105,2100,1918.714958,223.0387497,512.4040745,1767.955884,92.6318912,0.282099257,1840.713433
544.6290002,2100,1921.814334,222.8579072,529.9080775,1760.47594,92.54917397,0.292376483,1838.498873
547.151,2100,1926.556887,222.5196633,573.0359723,1752.252051,92.46645674,0.316065313,1843.571934
549.6980002,2100,1922.765821,222.414235,583.6553195,1736.73136,92.3837395,0.324207396,1832.181582
552.2870002,2100,1922.181281,222.0971092,578.0387843,1742.768125,92.30102227,0.3202605,1836.128964
554.9730001,2100,1917.683198,222.0395248,610.2408101,1730.043357,92.21830504,0.339106163,1834.514613
557.4980001,2100,1921.300456,221.9962059,629.8071184,1731.974083,92.13558781,0.348770168,1842.930066
560.023,2100,1917.798202,221.5166382,655.4920402,1715.948537,92.05287057,0.364893336,1836.885733
562.546,2100,1917.650934,221.4530256,655.6943433,1714.03742,91.97015334,0.365367932,1835.172839
565.086,2100,1914.07504,221.3345188,668.4171196,1711.049644,91.88743611,0.372417894,1836.973688
567.615,2100,1918.275959,221.0768558,722.0168732,1693.223777,91.80471888,0.403068982,1840.737658
570.1600001,2100,1922.642452,221.0042458,714.8465833,1686.171752,91.72200164,0.40097797,1831.442277
572.744,2100,1921.578417,220.714358,729.3753678,1688.972451,91.63928441,0.407654637,1839.73269
575.28,2100,1918.324849,220.5564299,752.1200939,1665.670862,91.55656718,0.424135385,1827.6061
577.928,2100,1914.422488,220.3397081,758.2396859,1674.724919,91.47384995,0.425142427,1838.377267
580.4520001,2100,1918.365073,220.1219093,779.6680282,1655.068672,91.39113271,0.440244261,1829.517571
582.974,2100,1918.594992,219.8920087,806.6265094,1649.944416,91.30841548,0.454712924,1836.562795
585.497,2100,1921.89272,219.6476582,826.5851712,1633.259357,91.22569825,0.468512091,1830.513363
588.0370002,2100,1926.298977,219.6558163,830.234344,1638.773612,91.14298102,0.468929018,1837.081385
590.562,2100,1921.567943,219.2745721,870.5598263,1606.955434,91.06026378,0.496483197,1827.615982
593.0840001,2100,1922.081454,219.3487255,872.0759764,1616.010885,90.97754655,0.494860182,1836.302723
595.609,2100,1918.600133,218.8868977,904.1965592,1591.708409,90.89482932,0.516608118,1830.602928
598.1500001,2100,1921.782397,218.6651572,894.1252985,1606.181319,90.81211208,0.507955572,1838.281393
600.7060001,2100,1926.856388,218.6499342,928.3261976,1574.611127,90.72939485,0.532706937,1827.892155
603.289,2100,1931.319226,218.4885331,938.9404578,1574.90653,90.64667762,0.537611884,1833.559315
605.8240001,2100,1930.411635,217.9863953,960.508423,1558.260281,90.56396039,0.552389635,1830.505814
608.4160001,2100,1926.015698,217.9606818,966.6227572,1558.861922,90.48124315,0.555055206,1834.232822
611.1100001,2100,1921.938142,217.7397457,985.016013,1545.917838,90.39852592,0.56730458,1833.062603
613.6340001,2100,1926.388472,217.3777135,998.2194925,1539.070644,90.31580869,0.575380471,1834.442859
616.165,2100,1926.336571,217.3701209,1007.165364,1533.560519,90.23309146,0.58110553,1834.717944
618.6890001,2100,1930.501935,217.0622758,1027.779062,1521.004891,90.15037422,0.594246679,1835.6976
621.276,2100,1926.629416,216.7351961,1045.54391,1505.693246,90.06765699,0.606953431,1833.105076
623.8900001,2100,1922.59086,216.6303805,1041.915469,1511.757288,89.98493976,0.603446343,1836.027762
626.4560001,2100,1926.818198,216.3685076,1037.977634,1507.469858,89.90222253,0.603004163,1830.26308
628.9780002,2100,1927.0658,216.7384388,1052.709551,1507.366072,89.81950529,0.609635763,1838.572782
631.5450001,2100,1930.816897,216.5069632,1053.677143,1502.065089,89.73678806,0.611722366,1834.784743
634.099,2100,1935.636288,216.0370825,1054.570365,1494.351658,89.65407083,0.614544091,1828.990304
636.6240001,2100,1930.989128,215.761882,1048.170977,1499.211333,89.5713536,0.61015409,1829.288665
639.1460001,2100,1930.384548,216.1844401,1043.188467,1506.863753,89.48863636,0.605533493,1832.724897
641.7710001,2100,1927.200916,216.0699438,1041.961192,1504.383964,89.48863636,0.605753404,1829.987497
644.325,2100,1930.538935,215.3109116,1044.693063,1493.14567,89.5713536,0.610497184,1822.324775
647.046,2100,1934.880204,216.3615534,1043.033445,1505.233447,89.65407083,0.605970622,1831.296398
649.572,2100,1935.21613,216.269925,1050.526002,1504.29444,89.73678806,0.609618608,1834.804252
652.151,2100,1930.587348,217.0976049,1051.769763,1506.806021,89.81950529,0.609390971,1837.575581
654.6750002,2100,1926.073306,217.2457252,1052.0367,1507.776326,89.90222253,0.609207953,1838.524046
657.3300002,2100,1930.623711,216.7027936,1033.680755,1518.154975,89.98493976,0.59777789,1836.651962
659.855,2100,1931.218176,217.1821893,1046.940982,1512.370561,90.06765699,0.605506763,1839.388521
662.3790002,2100,1935.476004,217.5527774,1037.228303,1518.565575,90.15037422,0.59924678,1838.989929
664.941,2100,1931.107725,217.0209346,1008.03455,1529.589309,90.23309146,0.582692156,1831.878027
667.497,2100,1926.032068,218.1417454,985.6069604,1555.205958,90.31580869,0.564864511,1841.218796
670.0210001,2100,1926.56888,218.5150413,989.6991732,1548.597279,90.39852592,0.568670165,1837.840577
672.5480001,2100,1922.60726,217.6275638,984.9709372,1547.778822,90.48124315,0.566738772,1834.60814
675.0700002,2100,1926.549828,218.4747235,961.8459324,1567.840728,90.56396039,0.550275594,1839.367322
677.6030002,2100,1922.266538,218.3852072,934.0111836,1581.929918,90.64667762,0.533349409,1837.084417
680.128,2100,1923.084647,218.9076539,925.5853883,1584.383119,90.72939485,0.528715552,1834.932745
682.6520002,2100,1917.569119,218.7766438,899.8542742,1600.251008,90.81211208,0.512253249,1835.90332
685.2810001,2100,1922.38053,219.2604222,897.6590341,1599.549219,90.89482932,0.511397577,1834.216303
687.8050001,2100,1926.638937,218.9778965,882.3470454,1610.813641,90.97754655,0.501125523,1836.642833
690.3790002,2100,1921.860517,219.1534327,856.7893574,1618.64888,91.06026378,0.486830513,1831.423545
692.9780002,2100,1922.622562,219.4922485,838.8539505,1629.148137,91.14298102,0.475499137,1832.429972
695.5040002,2100,1917.823199,220.0958225,830.474608,1630.880482,91.22569825,0.470995229,1830.152786
698.0280001,2100,1921.465277,219.7682336,801.9005513,1649.756841,91.30841548,0.452443226,1834.323343
700.552,2100,1918.436832,219.9118206,792.4040175,1641.409518,91.39113271,0.449759328,1822.670934
703.0740001,2100,1918.80873,220.1586327,778.5984866,1662.329424,91.47384995,0.438031508,1835.63469
705.5980001,2100,1921.890842,220.5218895,756.8761908,1661.019903,91.55656718,0.427558711,1825.335226
708.122,2100,1926.813928,220.5254695,754.7481662,1667.375771,91.63928441,0.42506072,1830.242267
710.6500001,2100,1930.817464,220.7928034,732.6936166,1672.265441,91.72200164,0.412951126,1825.735917
713.279,2100,1934.367738,220.9190656,723.3966327,1680.664917,91.80471888,0.406454894,1829.736935
715.9290001,2100,1935.066784,221.4242152,688.5736345,1694.375132,91.88743611,0.386001071,1828.945253
718.4530001,2100,1930.593333,221.2128399,683.3933933,1699.597628,91.97015334,0.382307907,1831.845689
720.9750001,2100,1926.872999,221.3268424,635.9737869,1715.289474,92.05287057,0.355054933,1829.393516
723.4980001,2100,1922.629492,221.7702863,620.2234531,1725.628226,92.13558781,0.345041083,1833.703876
726.0370002,2100,1921.633894,222.162738,614.211641,1730.708034,92.21830504,0.341024849,1836.465692
728.585,2100,1927.511417,222.0139682,609.5878635,1726.880872,92.30102227,0.339344363,1831.315076
731.1100001,2100,1922.28824,222.4710352,568.9155953,1740.115225,92.3837395,0.315986767,1830.755569
733.6360002,2100,1926.176624,222.5543935,573.5535754,1744.048818,92.46645674,0.317722106,1835.938448
736.1590002,2100,1925.961169,222.5867416,547.2730542,1745.726151,92.54917397,0.303789333,1829.499273
738.724,2100,1922.352757,223.0741822,506.1326243,1767.841183,92.6318912,0.278840924,1838.867228
741.2820001,2100,1926.134782,223.0386781,494.3357732,1770.499481,92.71460843,0.272273164,1838.215512
743.95,2100,1931.727007,223.3719476,489.8264263,1780.718717,92.79732567,0.268433444,1846.859247
746.4960001,2100,1926.320385,223.4401222,454.6402692,1781.399213,92.8800429,0.249881091,1838.499641
749.036,2100,1926.107509,223.6845309,451.1106077,1784.371781,92.96276013,0.2476235,1840.511731
751.5610001,2100,1923.32802,224.0439947,438.8625596,1791.260812,93.04547736,0.240269201,1844.238499
754.085,2100,1926.018523,224.2926064,417.2428145,1806.875379,93.1281946,0.226941544,1854.424493
756.609,2100,1923.049571,224.3910537,385.4703165,1797.649147,93.21091183,0.211231498,1838.512938
759.1440001,2100,1922.769399,224.5443196,360.8666129,1807.457746,93.29362906,0.197063082,1843.130005
761.6790001,2100,1917.959506,224.7764975,339.93427,1816.433827,93.37634629,0.185003794,1847.968386
764.283,2100,1923.422616,224.9099612,306.5945996,1820.763272,93.45906353,0.166822973,1846.396258
766.9530001,2100,1926.24703,224.8783475,303.285423,1824.292124,93.54178076,0.164741568,1849.330636
769.4760001,2100,1927.512329,225.1663221,297.4502728,1826.431344,93.62449799,0.161441377,1850.49402
772,2100,1922.74346,225.6947772,264.0625786,1834.244582,93.70721522,0.142980213,1853.15467
774.5240002,2100,1926.656431,225.3880075,235.1071297,1835.960477,93.78993246,0.127363576,1850.952792
777.089,2100,1922.939452,225.9681203,215.921541,1844.231972,93.87264969,0.116548782,1856.828931
779.6230001,2100,1922.146837,226.0077434,173.6094004,1848.964706,93.95536692,0.093620977,1857.097388
782.148,2100,1926.006092,226.1945067,167.6142747,1852.120957,94.03808415,0.090252704,1859.689916
784.6720002,2100,1921.745214,226.206713,148.7266869,1846.24399,94.12080139,0.080382778,1852.224743
787.2770002,2100,1925.846631,226.3322684,111.3452978,1864.798533,94.20351862,0.059638216,1868.119735
789.8010001,2100,1925.262758,226.5545357,84.02389949,1859.988215,94.28623585,0.045143734,1861.885114
792.325,2100,1930.791893,226.6251496,68.50652198,1869.43357,94.36895309,0.036629213,1870.68838
794.8500001,2100,1926.575432,227.1759581,46.42583741,1866.222611,94.45167032,0.024871772,1866.799987
797.3760002,2100,1930.598927,227.5559367,13.38496154,1874.317035,94.53438755,0.007141126,1874.364827
799.901,2100,1930.884663,227.3648461,21.88770939,1868.656377,94.61710478,0.011712538,1868.784559
802.4320002,2100,1926.246899,227.496859,-21.55639595,1873.933776,94.69982202,-0.011502779,1874.057757
804.9580002,2100,1931.125066,228.1115726,-29.79151519,1883.470017,94.78253925,-0.015816037,1883.705614
807.48,2100,1926.290988,227.946346,-73.9373549,1881.850993,94.86525648,-0.039269499,1883.302921
810.069,2100,1926.282076,228.47807,-107.1281383,1885.376083,94.94797371,-0.056759535,1888.417171
812.5930002,2100,1930.319303,228.760254,-130.2220274,1887.498011,95.03069095,-0.068882723,1891.984809
815.115,2100,1934.830846,228.4600074,-133.3527164,1882.212273,95.11340818,-0.070730737,1886.930308
817.638,2100,1930.602086,229.0146859,-173.991627,1880.907318,95.19612541,-0.092241587,1888.937645
820.1630001,2100,1930.424616,228.9776812,-197.7802051,1876.375517,95.27884264,-0.105017669,1886.77028
822.747,2100,1935.269654,229.0473693,-205.3279732,1883.509209,95.36155988,-0.108584739,1894.667918
825.3050001,2100,1931.051894,229.2642393,-216.8752843,1866.020234,95.44427711,-0.115704326,1878.580955
827.9250002,2100,1935.037276,229.644697,-211.1162926,1890.920149,95.52699434,-0.111186925,1902.668941
830.451,2100,1939.698532,229.7888461,-206.559473,1880.474755,95.60971157,-0.109405707,1891.785431
833.0280001,2100,1938.633654,229.982375,-226.0285944,1883.945121,95.69242881,-0.119405473,1897.455703
835.5510001,2100,1934.887352,230.1481447,-220.0649955,1869.99825,95.77514604,-0.117143135,1882.902562
838.075,2100,1930.491377,230.5777486,-214.7072953,1882.841998,95.85786327,-0.113543159,1895.044383
840.599,2100,1934.702425,230.7811476,-206.6673168,1890.853072,95.9405805,-0.108866315,1902.11375
843.141,2100,1934.986073,230.7069212,-206.9361137,1884.932934,96.02329774,-0.109346438,1896.258084
845.7620001,2100,1930.521081,231.3063144,-199.9849402,1874.184933,96.10601497,-0.106302784,1884.824432
848.293,2100,1926.555652,231.2954145,-216.8362695,1889.443529,96.1887322,-0.114262101,1901.845108
850.8510001,2100,1930.553224,231.4397228,-223.3064853,1876.477088,96.27144943,-0.118446007,1889.717452
853.3740001,2100,1934.634218,231.7304276,-195.0677299,1895.387073,96.35416667,-0.102556023,1905.398535
855.898,2100,1934.110845,231.6800463,-223.8369469,1864.538566,96.4368839,-0.119477736,1877.926261
858.424,2100,1929.812548,232.1100981,-208.8759041,1898.611842,96.51960113,-0.109574411,1910.067032
860.96,2100,1925.752112,232.2916826,-204.2284654,1877.716388,96.60231836,-0.108338414,1888.790115
863.483,2100,1921.415804,232.2427091,-226.4198124,1901.635991,96.6850356,-0.118507887,1915.067982
866.0080001,2100,1922.748768,232.5949838,-226.402036,1885.928801,96.76775283,-0.119476273,1899.469748
868.5320001,2100,1925.373648,232.9017606,-220.8784606,1907.491449,96.85047006,-0.115281832,1920.237205
871.056,2100,1931.241595,233.167777,-197.108812,1907.59364,96.93318729,-0.102963111,1917.750082
873.5780001,2100,1926.183732,233.168502,-219.7251692,1911.417781,97.01590453,-0.114451653,1924.005479
876.102,2100,1926.640764,233.4432304,-209.8104236,1886.041346,97.09862176,-0.110788299,1897.675518
878.6260002,2100,1922.425939,233.7809755,-205.749006,1909.412825,97.18133899,-0.107340946,1920.466086
881.1570001,2100,1917.494583,233.8543875,-201.0367596,1912.804806,97.26405622,-0.10471607,1923.340325
883.7230001,2100,1922.682324,233.9242444,-190.0510695,1907.169577,97.34677346,-0.099322948,1916.61556
886.283,2100,1926.051104,234.1789766,-192.2309199,1903.205987,97.42949069,-0.100662354,1912.889374
888.809,2100,1926.218703,234.5654174,-221.1589483,1900.358429,97.51220792,-0.115856326,1913.184111
891.3310001,2100,1921.505303,234.597678,-226.4144796,1899.779271,97.59492516,-0.118619858,1913.223665
893.855,2100,1917.791306,234.9987443,-209.0848982,1913.901806,97.67764239,-0.108813851,1925.28871
896.385,2100,1922.699178,235.0500154,-228.083545,1903.235821,97.76035962,-0.119271072,1916.853853
898.911,2100,1921.36262,235.2835454,-211.5813705,1917.644976,97.84307685,-0.109889486,1929.281972
901.4330001,2100,1918.456397,235.6644064,-215.7802043,1928.262578,97.92579409,-0.111440326,1940.298344
903.9580002,2100,1914.162198,235.6841192,-196.5172199,1934.408821,98.00851132,-0.101242982,1944.365322
906.5510001,2100,1919.318261,235.7385465,-200.7568552,1918.07593,98.09122855,-0.104286041,1928.553496
909.076,2100,1918.823424,236.4456093,-200.3036882,1914.326337,98.17394578,-0.104254669,1924.777102
911.5980001,2100,1913.975015,236.3109792,-209.4024973,1924.15824,98.25666302,-0.108401496,1935.51914
914.122,2100,1918.802026,236.5899618,-219.2010997,1909.666815,98.33938025,-0.114284825,1922.206146
916.6460001,2100,1922.839322,236.5506383,-202.4833097,1931.718971,98.42209748,-0.104438887,1942.302158
919.395,2100,1921.683468,236.6104061,-231.892408,1911.311324,98.50481471,-0.120736232,1925.327262
921.9190001,2100,1925.704681,236.9439554,-227.1578433,1918.484733,98.58753195,-0.117856097,1931.886217
924.444,2100,1930.573351,237.2007636,-226.3052088,1917.430746,98.67024918,-0.117481739,1930.739421
927.0450001,2100,1926.752202,237.4420131,-208.5402766,1935.229111,98.75296641,-0.107345765,1946.432829
929.5810001,2100,1925.944528,237.5613576,-231.5862516,1905.032817,98.83568364,-0.120971908,1919.05764
932.1070001,2100,1923.17991,237.9548767,-201.2916734,1926.862386,98.91840088,-0.104088486,1937.347928
934.635,2100,1926.698636,237.937885,-205.4050982,1918.78893,99.00111811,-0.106643221,1929.751852
937.1590002,2100,1930.773167,238.5075416,-230.8617402,1923.862531,99.08383534,-0.119428022,1937.664621
939.7220001,2100,1930.532206,238.5732563,-241.9350338,1918.09699,99.16655257,-0.125470257,1933.294759
942.289,2100,1926.988188,238.2734293,-243.9080511,1924.267333,99.24926981,-0.126081364,1939.663864
944.8140001,2100,1921.82675,238.5313357,-218.7100108,1918.490527,99.33198704,-0.113511043,1930.916874
947.336,2100,1926.893644,239.1657023,-213.2465686,1913.742257,99.41470427,-0.110971317,1925.58654
949.8610001,2100,1927.686992,239.4257083,-207.5433131,1925.95704,99.4974215,-0.107346892,1937.107314
952.391,2100,1922.060214,239.7037547,-228.1264001,1930.31462,99.58013874,-0.117635306,1943.747974
954.941,2100,1927.434656,239.6675861,-211.4376628,1923.352236,99.66285597,-0.109492188,1934.9392
957.464,2100,1931.311341,239.6582161,-218.4387734,1919.887887,99.7455732,-0.113289663,1932.274565
960.1660001,2100,1931.129416,240.1616476,-198.7516982,1938.762379,99.82829043,-0.102157857,1948.923241
962.779,2100,1935.608172,240.1978637,-214.1612351,1937.099955,99.91100767,-0.110110485,1948.902581
965.302,2100,1939.454035,240.1670815,-229.0151763,1907.85515,99.9937249,-0.119466417,1921.551254
967.9030001,2100,1934.940153,240.6501922,-221.2443971,1957.743934,100.0764421,-0.112532436,1970.205674
970.428,2100,1930.342779,240.7560081,-212.4869348,1915.969129,100.1591594,-0.110451752,1927.715851
972.9820001,2100,1931.173896,241.3797295,-208.2167952,1959.203293,100.2418766,-0.105878831,1970.236477
975.5050001,2100,1926.46078,241.3144237,-217.9443749,1911.983007,100.3245938,-0.11349877,1924.36451
978.029,2100,1930.593598,242.27693,-214.2004535,1948.716056,100.4073111,-0.109479258,1960.453035
980.5550001,2100,1935.550402,241.4086076,-226.3233028,1912.676656,100.4900283,-0.117780388,1926.020309
983.0780001,2100,1935.134993,241.5159754,-196.8612599,1939.220972,100.5727455,-0.101169061,1949.187609
985.6010001,2100,1939.540042,241.8873311,-212.0548428,1911.483675,100.6554628,-0.110485529,1923.210102
988.1260002,2100,1942.740285,241.9993403,-222.1799227,1922.764022,100.73818,-0.115042144,1935.558163
990.6560001,2100,1938.107491,242.2829948,-230.9276745,1897.928506,100.8208972,-0.121078378,1911.925784
993.2780001,2100,1934.668028,242.280364,-203.5432517,1961.587854,100.9036145,-0.103394509,1972.119866
995.8010001,2100,1934.482893,242.5261878,-220.8038574,1916.992993,100.9863317,-0.114677044,1929.667452
998.362,2100,1938.285321,242.9711157,-202.7402626,1941.99046,101.0690489,-0.10402136,1952.544637
1000.924,2100,1942.859174,242.9175495,-211.7058801,1943.89901,101.1517662,-0.108480315,1955.393245
1003.447,2100,1946.12776,243.3882828,-201.1604956,1944.954198,101.2344834,-0.103060414,1955.329225
1006.065,2100,1947.369468,243.472261,-228.8769115,1915.022479,101.3172006,-0.118952328,1928.651274
1008.589,2100,1942.448987,243.6577704,-209.3085193,1972.193437,101.3999179,-0.105734018,1983.269273
1011.112,2100,1939.273542,243.8128834,-248.5053403,1927.087716,101.4826351,-0.128246082,1943.044511
1013.635,2100,1942.283446,243.946464,-249.4242386,1934.621482,101.5653523,-0.128219333,1950.63393
1016.163,2100,1943.28595,244.5067721,-277.7732285,1928.766276,101.6480696,-0.143032562,1948.665521
1018.766,2100,1938.197,244.2981503,-289.7306315,1961.169804,101.7307868,-0.146672664,1982.45576
1021.294,2100,1935.195165,244.4345407,-312.0866694,1924.81347,101.813504,-0.160739837,1949.949996
1023.818,2100,1938.958817,244.8395617,-339.1490368,1944.57626,101.8962212,-0.172670891,1973.929811
1026.468,2100,1934.54684,245.0014497,-348.2371059,1958.159448,101.9789385,-0.175998965,1988.883483
1029.006,2100,1935.099901,245.0006827,-371.1032342,1941.806309,102.0616557,-0.188835354,1976.949506
1031.529,2100,1939.647968,245.1619158,-400.7424201,1935.335745,102.1443729,-0.20418056,1976.39038
1034.052,2100,1941.832687,245.6680286,-419.8260232,1939.351508,102.2270902,-0.213187979,1984.272703
1036.583,2100,1939.409849,245.8496229,-453.5691494,1931.016599,102.3098074,-0.230704113,1983.570034
1039.108,2100,1938.570173,246.0538869,-463.969662,1927.342273,102.3925246,-0.236235381,1982.401595
1041.63,2100,1943.632261,246.04767,-483.5197137,1928.699586,102.4752419,-0.245634806,1988.384622
1044.153,2100,1938.797583,246.4116663,-488.1890716,1926.73279,102.5579591,-0.248154139,1987.618629
1046.687,2100,1943.713863,246.5092312,-510.3782521,1913.2573,102.6406763,-0.260688421,1980.161472
1049.287,2100,1944.127059,246.5515039,-560.2276573,1908.283558,102.7233936,-0.285553524,1988.819038
1051.81,2100,1938.653287,247.014788,-569.9663022,1938.728377,102.8061108,-0.285933738,2020.774432
1054.336,2100,1934.962357,246.7617512,-577.8524723,1908.884325,102.888828,-0.293947941,1994.430456
1057.105,2100,1939.148751,247.0427452,-610.8978424,1915.843941,102.9715453,-0.308674106,2010.88393
1059.64,2100,1938.975081,247.4565043,-643.2563407,1908.303786,103.0542625,-0.32512125,2013.802885
1062.165,2100,1934.341788,247.7012055,-653.8369845,1898.553123,103.1369797,-0.331665635,2007.985748
1064.769,2100,1937.906063,247.8253395,-675.4350999,1890.850409,103.219697,-0.343085562,2007.86649
1067.296,2100,1935.513308,247.7479423,-677.9085893,1883.32452,103.3024142,-0.345514103,2001.617172
1069.862,2100,1934.655377,248.2949586,-718.0645241,1885.169196,103.3851314,-0.36393487,2017.29511
1072.39,2100,1930.526808,248.3711264,-736.4702004,1881.376712,103.4678487,-0.373116464,2020.387757
1074.943,2100,1934.821216,248.3736498,-757.913415,1870.817393,103.5505659,-0.384915978,2018.511942
1077.467,2100,1930.508857,248.4876214,-750.5045957,1883.529915,103.6332831,-0.379175001,2027.545829
1079.995,2100,1930.537568,249.2549578,-794.1395431,1891.153689,103.7160004,-0.397562811,2051.126493
1082.523,2100,1926.23629,249.2661055,-787.2550423,1874.442015,103.7987176,-0.397623183,2033.052722
1085.097,2100,1931.530319,249.346844,-825.4806901,1869.440015,103.8814348,-0.415817908,2043.581254
1087.62,2100,1935.320121,249.569642,-859.6113914,1850.961774,103.9641521,-0.434775226,2040.831016
1090.143,2100,1935.675707,249.417624,-842.5269314,1870.808881,104.0468693,-0.423148571,2051.774232
1092.741,2100,1931.352538,249.587441,-889.9302344,1838.096076,104.1295865,-0.450894458,2042.198082
1095.357,2100,1926.959404,249.9423533,-888.1688066,1842.767935,104.2123038,-0.449124229,2045.638651
1097.88,2100,1930.65748,250.4289988,-905.2644477,1860.581767,104.295021,-0.452829129,2069.122576
1100.403,2100,1927.140095,250.4474263,-951.0789485,1815.718505,104.3777382,-0.48250824,2049.727995
1102.965,2100,1926.660862,250.8856153,-963.5345264,1830.887064,104.4604555,-0.48443933,2068.948096
1105.488,2100,1930.911395,251.1626583,-982.2112679,1836.71591,104.5431727,-0.491071234,2082.850044
1108.011,2100,1926.470309,250.8996548,-995.7727243,1824.846522,104.6258899,-0.499516441,2078.852603
1110.614,2100,1930.095161,251.2641715,-1037.326364,1795.048522,104.7086072,-0.523997538,2073.220968
1113.161,2100,1931.116147,251.407087,-1052.858118,1804.256863,104.7913244,-0.528229487,2088.983735
1115.684,2100,1927.431611,251.5659846,-1062.250966,1785.465285,104.8740416,-0.53669319,2077.561888
1118.286,2100,1930.655383,251.882557,-1073.567873,1796.970367,104.9567589,-0.538529237,2093.239231
1120.81,2100,1934.41387,251.6976245,-1093.363587,1778.925599,105.0394761,-0.551100338,2088.066143
1123.335,2100,1930.790259,252.1668372,-1108.855253,1792.899682,105.1221933,-0.553890035,2108.091375
1126.091,2100,1930.851449,252.2573414,-1131.652561,1768.523143,105.2049106,-0.569232056,2099.597968
1128.616,2100,1934.665712,252.3507956,-1152.992717,1776.967747,105.2876278,-0.575569209,2118.255551
1131.14,2100,1931.027097,252.4460608,-1166.436504,1754.681258,105.370345,-0.586679304,2107.007459
1133.663,2100,1935.236841,252.7470691,-1178.638372,1763.287231,105.4530622,-0.58922406,2120.936178
1136.364,2100,1931.413089,253.3315956,-1185.770586,1756.330656,105.5357795,-0.593846428,2119.138801
1138.892,2100,1931.260242,253.2832782,-1183.989226,1765.784402,105.6184967,-0.590663783,2125.988015
1141.442,2100,1935.403014,253.7723975,-1239.775888,1741.976789,105.7012139,-0.618539423,2138.113043
1143.965,2100,1930.249842,253.7386885,-1254.595276,1740.014062,105.7839312,-0.624698396,2145.147604
1146.494,2100,1935.318437,253.8963932,-1247.938966,1739.945269,105.8666484,-0.622195616,2141.205549
1149.022,2100,1934.077237,254.0924882,-1253.240321,1756.205506,105.9493656,-0.619799839,2157.514561
1151.544,2100,1939.456955,254.1624511,-1294.870743,1718.680026,106.0320829,-0.645679948,2151.871575
1154.068,2100,1934.93519,254.3136386,-1301.311151,1722.428194,106.1148001,-0.64701798,2158.742596
1156.611,2100,1930.45666,254.5426672,-1302.576804,1728.553243,106.1975173,-0.645778652,2164.394291
1159.135,2100,1931.973016,254.9367975,-1331.00158,1713.297301,106.2802346,-0.660474504,2169.551301
1161.657,2100,1935.861697,254.9737675,-1328.710666,1702.31593,106.3629518,-0.662756464,2159.479465
1164.285,2100,1931.604627,255.189559,-1363.895478,1691.075794,106.445669,-0.678707162,2172.54418
1166.971,2100,1926.423938,255.4762748,-1372.681533,1683.646609,106.5283863,-0.684002422,2172.307642
1169.496,2100,1927.297387,255.7105329,-1379.365048,1684.285372,106.6111035,-0.686196431,2177.03127
1172.019,2100,1930.489774,255.7753281,-1397.122339,1676.198435,106.6938207,-0.694840481,2182.107244
1174.566,2100,1927.827301,256.2437043,-1384.843553,1689.341218,106.776538,-0.686670302,2184.414205
1177.089,2100,1932.371921,256.273067,-1388.555425,1680.350866,106.8592552,-0.690601897,2179.831462
1179.618,2100,1930.90909,256.5005252,-1405.146093,1675.55123,106.9419724,-0.697848536,2186.757295
1182.146,2100,1935.194674,256.5159126,-1401.551642,1681.835325,107.0246897,-0.694746068,2189.273182
1184.787,2100,1931.537316,256.983102,-1394.851722,1693.884112,107.1074069,-0.688885105,2194.27772
1187.329,2100,1927.579463,257.0863361,-1402.140291,1677.989011,107.1901241,-0.696078938,2186.697171
1189.853,2100,1925.13417,257.3741107,-1404.03337,1682.094259,107.2728414,-0.69554054,2191.06157
1192.377,2100,1923.44585,257.0918349,-1402.496504,1675.404524,107.3555586,-0.69696251,2184.943194
1194.901,2100,1926.884955,257.5331444,-1403.615932,1685.49325,107.4382758,-0.694401422,2193.404929
1197.426,2100,1931.688173,257.7583794,-1410.010992,1680.516261,107.5209931,-0.698093434,2193.68774
1199.948,2100,1931.45856,258.1663144,-1403.52451,1677.904805,107.6037103,-0.696589192,2187.520419
1202.473,2100,1935.836884,257.9170922,-1413.0077,1679.735972,107.6864275,-0.699367785,2195.017926
1204.998,2100,1931.65191,258.4648843,-1392.143002,1701.965104,107.7691448,-0.685597901,2198.805893
1207.522,2100,1926.990377,258.3940031,-1420.855911,1677.689384,107.851862,-0.702698809,2198.516133
1210.044,2100,1926.602871,258.7709099,-1418.753538,1684.003298,107.9345792,-0.700117099,2201.982904
1212.578,2100,1931.36363,259.0345962,-1393.661625,1696.428411,108.0172965,-0.687729984,2195.486752
1215.111,2100,1927.378355,259.1500893,-1408.822251,1689.771208,108.1000137,-0.694975576,2200.024288
1217.634,2100,1931.948915,259.2640498,-1384.532938,1713.410823,108.1827309,-0.679634238,2202.886312
1220.157,2100,1931.59531,259.6007995,-1417.169965,1685.967006,108.2654482,-0.69899277,2202.465767
1222.681,2100,1935.243512,259.8555327,-1401.067003,1715.250521,108.3481654,-0.684918844,2214.739961
1225.314,2100,1931.813709,260.0514845,-1418.708203,1675.329073,108.4308826,-0.702647109,2195.326962
1227.837,2100,1927.01052,260.2164092,-1408.191025,1710.040443,108.5135999,-0.688897356,2215.229171
1230.4,2100,1931.711632,260.3975272,-1408.843261,1688.305753,108.5963171,-0.695409684,2198.912379
1232.942,2100,1931.104534,260.6417284,-1426.171319,1696.32163,108.6790343,-0.69909556,2216.18404
1235.473,2100,1935.227512,260.9347376,-1420.307417,1688.734385,108.7617516,-0.699274211,2206.603041
1238.016,2100,1931.30693,260.7204256,-1425.865163,1688.698109,108.8444688,-0.701209254,2210.156729
1240.543,2100,1927.164464,261.3874483,-1434.958901,1673.573109,108.927186,-0.70878734,2204.530335
1243.072,2100,1927.988449,261.356794,-1394.743658,1714.028204,109.0099032,-0.683052611,2209.796949
1245.605,2100,1931.772712,261.5350466,-1404.068794,1693.214058,109.0926205,-0.69231346,2199.632475
1248.133,2100,1926.726555,261.884317,-1416.611996,1701.764827,109.1753377,-0.694209055,2214.225163
1250.657,2100,1923.894448,261.8047518,-1422.635405,1673.127417,109.2580549,-0.704659588,2196.189165
1253.269,2100,1927.051964,262.2043771,-1405.618728,1725.234235,109.3407722,-0.683664831,2225.353269
1255.838,2100,1928.213709,262.5067188,-1433.108022,1673.357482,109.4234894,-0.708213281,2203.162242
1258.362,2100,1921.989292,262.5905608,-1427.921831,1700.351337,109.5062066,-0.698531095,2220.39533
1260.887,2100,1918.963893,262.9525652,-1418.33473,1697.686576,109.5889239,-0.695987017,2212.196446
1263.409,2100,1922.333176,262.9181396,-1440.45891,1684.903228,109.6716411,-0.707343946,2216.713955
1266.099,2100,1923.220923,263.2157081,-1424.013653,1701.662175,109.7543583,-0.696802379,2218.889145
1268.626,2100,1926.322568,263.3710283,-1408.835324,1726.344989,109.8370756,-0.684469101,2228.246843
1271.15,2100,1923.229355,263.6232595,-1414.228681,1705.778083,109.9197928,-0.692223616,2215.789167
1273.744,2100,1918.335233,264.1122988,-1416.396158,1724.466009,110.00251,-0.687626417,2231.582642
1276.284,2100,1918.185239,264.1581531,-1440.037651,1703.238107,110.0852273,-0.701858598,2230.409937
